kabupaten,tahun,luas_panen_ha,produktivitas_ku_ha,produktivitas_ton_ha,produksi_ton,suhu_mean,suhu_max_mean,suhu_min_mean,n_hari_panas,n_hari_dingin,hujan_total,hujan_mean_harian,n_hari_hujan,n_hari_kering,n_hari_ekstrim,hujan_max_harian,n_run2_hujan_ekstrim,n_run3_hujan_ekstrim,maks_run_hujan_ekstrim,n_run3_kering,n_run7_kering,maks_run_kering,et0_total,et0_mean,neraca_air,radiasi_mean,rh_max_mean,rh_min_mean,angin_max_mean,n_hari_angin_kencang,label_hist
Pacitan,2018,19311.99,46.44,4.644,89684.44,25.984109589041097,28.872054794520547,23.78876712328768,0,2,1736.5000000000002,4.757534246575343,205,160,3,109.7,0,0,1,17,12,31,1385.52,3.795945205479452,350.98000000000025,18.450986301369863,92.86575342465754,69.67671232876712,16.994794520547945,0,1
Ponorogo,2018,63443.600000000006,59.46,5.946,377263.18,27.00301369863013,31.797260273972604,23.543287671232875,19,2,1203.4,3.2969863013698637,138,227,1,91.0,0,0,1,16,6,42,1745.9,4.783287671232876,-542.4999999999998,19.64909589041096,88.28493150684932,52.99452054794521,20.661917808219176,0,2
Trenggalek,2018,22732.51,53.04,5.304,120574.63,25.31150684931507,28.90575342465754,22.76931506849315,0,11,1741.2000000000005,4.77041095890411,226,139,3,125.2,0,0,1,22,12,26,1313.24,3.597917808219178,427.96000000000026,17.535999999999998,95.16164383561645,66.59178082191781,14.147397260273973,0,1
Tulungagung,2018,34919.88,62.11,6.211,216884.62,25.88082191780822,29.98246575342465,22.934794520547943,0,8,1768.3000000000002,4.844657534246576,233,132,3,74.3,0,0,1,21,12,24,1385.9,3.796986301369863,382.4000000000003,17.79331506849315,94.8054794520548,61.87671232876713,14.35890410958904,0,2
Blitar,2018,37101.96,60.42,6.042,224178.63,25.020273972602737,29.225753424657533,21.811780821917807,0,42,1834.2,5.025205479452055,211,154,3,97.3,0,0,1,12,7,77,1397.53,3.828849315068493,436.6699999999999,18.12991780821918,95.64109589041097,62.55068493150685,17.23753424657534,0,1
Kediri,2018,37008.78,59.4,5.94,219834.83,25.812602739726024,29.87780821917808,23.24109589041096,0,0,2471.4,6.770958904109589,174,191,6,74.2,0,0,1,11,5,55,1537.33,4.21186301369863,934.0700000000002,19.060109589041097,92.04931506849314,60.88219178082192,18.397534246575344,0,2
Malang,2018,50374.07,57.18,5.718,288019.9,23.749589041095888,28.09041095890411,20.64246575342466,0,95,1898.4,5.201095890410959,197,168,2,104.1,0,0,1,16,12,34,1368.51,3.7493424657534247,529.8900000000001,18.407013698630134,97.18630136986302,62.2054794520548,18.055616438356164,0,0
Lumajang,2018,56617.2,54.88,5.488,310736.82,25.276986301369863,29.0013698630137,22.58082191780822,0,14,2407.1000000000004,6.594794520547946,280,85,3,71.5,0,0,1,25,15,37,1284.86,3.520164383561644,1122.2400000000005,17.52723287671233,95.3972602739726,69.06301369863014,12.87945205479452,0,1
Jember,2018,125135.86,55.04,5.504,688809.35,26.34027397260274,30.86876712328767,22.94301369863014,8,12,1726.1,4.729041095890411,205,160,1,103.3,0,0,1,20,8,30,1400.67,3.837452054794521,325.42999999999984,17.83041095890411,93.52054794520548,58.32328767123288,12.428219178082191,0,2
Banyuwangi,2018,84360.77,60.99,6.099,514528.78,25.664383561643834,28.847123287671234,23.27561643835616,0,0,1577.0,4.32054794520548,261,104,0,41.8,0,0,0,29,14,23,1394.71,3.821123287671233,182.29,18.952794520547947,93.96712328767124,67.63561643835617,13.474246575342466,0,2
Bondowoso,2018,49799.08,50.97,5.097,253835.28,25.36602739726027,30.2241095890411,21.863013698630137,8,26,1469.2,4.025205479452055,144,221,1,89.1,0,0,1,13,5,56,1579.36,4.327013698630138,-110.16000000000008,19.370849315068494,90.87123287671233,54.50410958904109,16.34054794520548,0,2
Situbondo,2018,31622.51,55.52,5.5520000000000005,175555.17,26.56438356164384,30.724383561643837,23.21780821917808,1,0,2098.5,5.749315068493151,174,191,3,65.3,0,0,1,16,4,43,1689.19,4.627917808219178,409.31,20.65205479452055,88.7068493150685,54.9041095890411,15.336712328767122,0,2
Probolinggo,2018,38415.47,45.96,4.596,176575.62,27.42465753424657,31.068493150684933,24.88054794520548,0,0,1374.6,3.766027397260274,153,212,3,105.6,0,0,1,15,4,34,1909.15,5.23054794520548,-534.5500000000002,20.51745205479452,84.59726027397261,57.463013698630135,23.44054794520548,11,0
Pasuruan,2018,52562.4,57.54,5.754,302466.49000000005,27.74876712328767,32.01315068493151,23.9627397260274,7,1,1340.1,3.671506849315069,130,235,2,82.4,0,0,1,13,7,17,1724.2600000000002,4.724,-384.1600000000003,21.31501369863014,91.86575342465754,54.88493150684931,14.786301369863011,0,2
Sidoarjo,2018,37276.74,66.58,6.658,248200.92,27.294520547945204,31.018082191780817,24.004109589041096,0,1,1647.1,4.512602739726028,148,217,1,52.5,0,0,1,10,7,36,1687.96,4.62454794520548,-40.8599999999999,20.923205479452054,93.84657534246575,56.5972602739726,16.21917808219178,0,2
Mojokerto,2018,52445.83,60.61,6.061,317873.85,27.361369863013696,32.821917808219176,23.12630136986301,79,9,1399.5,3.834246575342466,158,207,2,65.8,0,0,1,11,6,64,1642.73,4.5006301369863015,-243.23,19.665917808219177,88.30684931506849,48.44931506849315,13.723561643835618,0,2
Jombang,2018,63300.84,62.21,6.221,393773.29,27.266849315068495,33.26164383561644,23.16876712328768,94,5,1875.6,5.138630136986301,164,201,1,54.5,0,0,1,14,3,78,1641.7500000000002,4.497945205479453,233.84999999999968,19.621917808219177,92.21917808219176,47.96986301369863,13.650684931506849,0,2
Nganjuk,2018,65539.42000000001,60.33,6.033,395385.12,27.32684931506849,32.335068493150686,23.36684931506849,43,2,1237.3000000000002,3.3898630136986307,133,232,3,125.2,1,0,2,13,5,41,1810.63,4.960630136986301,-573.3299999999997,20.024602739726028,87.4,50.23013698630137,19.40821917808219,0,1
Madiun,2018,69132.72,58.58,5.858,404953.1,27.44219178082191,32.726301369863016,23.672328767123293,74,0,1114.7,3.053972602739726,145,220,1,55.1,0,0,1,17,7,25,1807.96,4.953315068493151,-693.26,19.747479452054797,87.32876712328768,48.8054794520548,18.876712328767123,0,1
Magetan,2018,45514.310000000005,63.6,6.36,289458.37,25.209863013698627,29.66794520547945,22.36602739726027,0,7,3360.5000000000005,9.206849315068494,170,195,19,101.8,4,2,4,11,5,73,1707.5,4.678082191780822,1653.0000000000005,19.770958904109584,86.53424657534246,54.81643835616438,18.36438356164384,0,2
Ngawi,2018,121760.76,61.33,6.133,746762.6,27.362191780821917,32.58438356164383,23.804931506849314,62,0,1583.6,4.338630136986302,157,208,3,60.7,0,0,1,17,8,26,1808.84,4.955726027397261,-225.24,19.883068493150684,86.57808219178082,49.63013698630137,18.85013698630137,0,1
Bojonegoro,2018,134770.37999999998,55.84,5.5840000000000005,752513.4,27.48657534246576,32.72575342465753,23.7145205479452,78,0,1581.6,4.333150684931507,168,197,2,76.5,0,0,1,16,8,51,1675.14,4.589424657534247,-93.53999999999996,19.394657534246576,90.08767123287672,50.16438356164384,15.336164383561645,0,2
Tuban,2018,95854.59,58.86,5.886,564241.12,26.855890410958903,30.83945205479452,23.82191780821918,0,0,1781.4999999999998,4.880821917808219,204,161,1,57.3,0,0,1,11,8,78,1625.39,4.453123287671233,156.10999999999967,20.30854794520548,90.12602739726027,58.44109589041096,15.402465753424655,0,1
Lamongan,2018,144781.98,61.93,6.193,896652.91,27.75945205479452,31.94219178082192,24.36219178082192,12,0,1405.7,3.851232876712329,173,192,0,31.3,0,0,0,14,7,63,1696.75,4.648630136986301,-291.04999999999995,20.19441095890411,89.43561643835616,53.1945205479452,16.688219178082193,0,2
Gresik,2018,57721.64,60.93,6.093,351702.39,27.52301369863014,30.87123287671233,24.618356164383563,0,0,1209.5,3.313698630136986,163,202,0,31.8,0,0,0,15,8,43,1654.5,4.532876712328767,-445.0,20.191369863013698,90.57534246575342,56.90958904109589,17.083013698630136,0,1
Bangkalan,2018,40957.48,59.5,5.95,243711.73,26.80054794520548,30.22301369863014,24.10684931506849,0,0,1879.0,5.147945205479452,239,126,1,54.0,0,0,1,18,8,84,1607.43,4.4039178082191786,271.56999999999994,20.3612602739726,91.93150684931508,61.48219178082192,16.36082191780822,0,2
Sampang,2018,37723.93,50.11,5.011,189040.08,27.94767123287671,31.117534246575342,25.62328767123288,0,0,1181.1,3.235890410958904,140,225,2,66.5,0,0,1,17,9,18,1808.03,4.953506849315069,-626.9300000000003,20.44928767123288,86.1917808219178,56.74794520547945,19.513150684931507,1,1
Pamekasan,2018,21977.78,51.95,5.195,114179.46,26.99972602739726,30.553424657534247,24.240273972602743,0,0,1361.8000000000002,3.7309589041095896,143,222,0,37.3,0,0,0,17,7,26,1592.26,4.362356164383562,-230.4599999999998,20.097753424657537,92.58082191780822,57.65205479452055,14.04109589041096,0,1
Sumenep,2018,46193.41,55.91,5.590999999999999,258284.99,26.93780821917808,30.304931506849314,24.260547945205477,0,0,1694.1,4.641369863013699,178,187,0,33.9,0,0,0,14,6,49,1649.27,4.518547945205479,44.82999999999993,20.96249315068493,93.56986301369864,60.98630136986301,14.521095890410962,0,2
Kota Kediri,2018,1581.85,64.52,6.452,10205.56,26.35095890410959,31.06191780821917,23.2813698630137,8,1,1255.0,3.4383561643835616,159,206,2,107.8,0,0,1,12,8,42,1658.64,4.544219178082192,-403.6399999999999,19.147424657534245,91.84931506849315,56.33424657534247,20.176986301369865,0,2
Kota Blitar,2018,759.75,64.12,6.412000000000001,4871.29,25.020273972602737,29.225753424657533,21.811780821917807,0,42,1834.2,5.025205479452055,211,154,3,97.3,0,0,1,12,7,77,1397.53,3.828849315068493,436.6699999999999,18.12991780821918,95.64109589041097,62.55068493150685,17.23753424657534,0,0
Kota Malang,2018,1857.02,63.81,6.381,11850.09,23.896986301369868,28.153424657534245,21.00876712328767,0,68,2476.0999999999995,6.783835616438354,194,171,7,123.3,0,0,1,15,6,73,1325.34,3.631068493150685,1150.7599999999993,17.758520547945206,94.9945205479452,60.54520547945206,11.27150684931507,0,1
Kota Probolinggo,2018,1165.41,49.31,4.931,5747.01,27.42465753424657,31.068493150684933,24.88054794520548,0,0,1374.6,3.766027397260274,153,212,3,105.6,0,0,1,15,4,34,1909.15,5.23054794520548,-534.5500000000002,20.51745205479452,84.59726027397261,57.463013698630135,23.44054794520548,11,0
Kota Pasuruan,2018,1819.04,65.13,6.513,11846.57,27.74876712328767,32.01315068493151,23.9627397260274,7,1,1340.1,3.671506849315069,130,235,2,82.4,0,0,1,13,7,17,1724.2600000000002,4.724,-384.1600000000003,21.31501369863014,91.86575342465754,54.88493150684931,14.786301369863011,0,2
Kota Mojokerto,2018,730.3199999999999,57.26,5.726,4182.15,28.0841095890411,33.76328767123288,23.942739726027398,140,2,1459.3000000000002,3.9980821917808234,151,214,2,67.7,0,0,1,12,5,57,1702.49,4.664356164383562,-243.18999999999983,19.76923287671233,89.16986301369863,45.99452054794521,14.39890410958904,0,1
Kota Madiun,2018,1362.01,62.3,6.23,8485.369999999999,27.44219178082191,32.726301369863016,23.672328767123293,74,0,1114.7,3.053972602739726,145,220,1,55.1,0,0,1,17,7,25,1807.96,4.953315068493151,-693.26,19.747479452054797,87.32876712328768,48.8054794520548,18.876712328767123,0,1
Kota Surabaya,2018,2687.21,53.86,5.386,14474.53,27.708767123287668,30.92383561643836,24.63780821917808,0,0,1274.1,3.490684931506849,155,210,0,30.6,0,0,0,14,7,24,1718.58,4.708438356164383,-444.48,20.59523287671233,91.26027397260276,57.33424657534247,17.44630136986301,0,0
Kota Batu,2018,871.17,67.38,6.738,5869.53,21.456438356164384,25.456438356164384,18.661095890410955,0,328,2888.4000000000005,7.913424657534248,227,138,11,118.3,1,1,3,18,9,61,1258.9699999999998,3.4492328767123284,1629.4300000000007,17.903835616438354,97.23287671232876,64.2931506849315,10.51095890410959,0,1
Pacitan,2019,20504.49,44.84,4.484,91941.66,26.0586301369863,29.13890410958904,23.757534246575343,0,1,1533.4,4.201095890410959,170,195,4,134.1,1,0,2,18,7,26,1469.95,4.027260273972603,63.450000000000045,19.73430136986301,93.88493150684933,68.63835616438357,16.73780821917808,0,0
Ponorogo,2019,58080.19,55.48,5.548,322205.5,27.218356164383565,32.294794520547946,23.567123287671237,48,2,1422.5000000000002,3.897260273972603,141,224,1,113.6,0,0,1,12,5,34,1821.92,4.991561643835617,-399.4199999999999,20.25358904109589,88.72876712328767,51.76986301369863,20.96602739726028,0,0
Trenggalek,2019,20474.89,54.81,5.481,112213.57,25.360821917808217,29.116986301369867,22.71671232876712,0,18,1710.9,4.687397260273973,226,139,2,167.3,0,0,1,21,8,37,1380.63,3.7825479452054793,330.2700000000002,18.680876712328764,96.3013698630137,66.46849315068494,14.338630136986302,0,1
Tulungagung,2019,34584.26,56.8,5.68,196430.58,26.08109589041096,30.50328767123288,22.985205479452052,0,7,1717.2,4.704657534246575,216,149,2,141.2,0,0,1,19,9,27,1470.23,4.028027397260274,246.97000000000003,18.873342465753424,95.38630136986302,60.35068493150685,14.318356164383564,0,0
Blitar,2019,36193.94,61.9,6.19,224027.19,25.309315068493145,30.013698630136982,21.814520547945204,0,52,1744.4,4.779178082191781,186,179,2,93.9,0,0,1,13,7,37,1506.74,4.128054794520548,237.66000000000008,19.26569863013699,96.37260273972603,59.52054794520548,17.449863013698632,0,1
Kediri,2019,39448.75,56.49,5.649,222837.82,26.078630136986305,30.53972602739726,23.365479452054792,3,0,2760.4,7.562739726027398,162,203,8,249.8,2,0,2,9,5,69,1639.85,4.492739726027397,1120.5500000000002,20.033808219178084,92.0082191780822,58.61917808219178,18.47068493150685,0,0
Malang,2019,48397.75,58.08,5.808,281072.26,23.98602739726028,28.66520547945205,20.74082191780822,0,92,2059.3,5.641917808219179,170,195,5,147.9,0,0,1,10,4,72,1479.01,4.052082191780822,580.2900000000002,19.801753424657537,97.42465753424658,60.293150684931504,17.743287671232874,0,0
Lumajang,2019,53466.4,53.1,5.3100000000000005,283894.22000000003,25.51232876712329,29.495890410958904,22.68520547945205,0,12,2719.2000000000003,7.449863013698631,292,73,4,96.1,0,0,1,25,9,40,1363.64,3.736,1355.5600000000004,18.42232876712329,95.89315068493153,67.41369863013699,13.127671232876711,0,0
Jember,2019,123591.19,49.91,4.991,616858.41,26.626027397260277,31.549041095890416,22.993150684931507,17,13,1927.3,5.280273972602739,212,153,6,104.0,2,1,3,16,6,42,1507.2,4.129315068493151,420.0999999999997,19.00216438356164,94.7095890410959,55.778082191780825,12.694246575342463,0,1
Banyuwangi,2019,81552.76999999999,54.6,5.46,445253.86,25.598356164383567,28.90986301369863,23.12630136986301,0,1,1609.6,4.40986301369863,259,106,3,104.3,0,0,1,23,13,31,1434.01,3.928794520547945,175.58999999999992,19.812602739726035,95.66027397260274,67.2027397260274,13.914246575342467,0,0
Bondowoso,2019,53458.86,47.02,4.702,251371.94,25.62054794520548,30.721917808219175,21.86054794520548,15,29,1568.5000000000002,4.297260273972603,152,213,5,66.6,1,1,3,15,7,47,1637.27,4.4856712328767125,-68.76999999999975,20.03287671232877,91.34520547945203,52.56986301369863,14.928219178082191,0,0
Situbondo,2019,30225.88,55.47,5.547,167665.53999999998,26.67972602739725,30.896438356164385,23.195890410958903,3,1,2461.4,6.7435616438356165,161,204,7,195.9,1,1,4,11,7,41,1728.53,4.735698630136986,732.8700000000001,21.340849315068496,89.2931506849315,54.67123287671233,15.293150684931506,0,1
Probolinggo,2019,39464.38,49.1,4.91,193774.5,27.632328767123287,31.399452054794523,24.96219178082192,9,0,1551.3,4.25013698630137,144,221,3,70.3,1,0,2,10,6,28,1975.3,5.411780821917808,-423.9999999999998,21.228657534246576,84.58356164383562,56.41643835616439,23.50109589041096,9,0
Pasuruan,2019,53788.66,50.1,5.01,269463.05,27.74876712328767,32.0282191780822,23.886301369863013,3,2,1489.7,4.081369863013699,141,224,2,63.3,0,0,1,10,7,33,1753.48,4.804054794520548,-263.78,21.93345205479452,93.52054794520548,54.97260273972603,14.975342465753425,0,0
Sidoarjo,2019,34287.25,68.48,6.848000000000001,234788.11,27.330958904109583,31.12986301369863,23.89178082191781,2,0,1828.2,5.008767123287671,152,213,0,43.9,0,0,0,9,5,56,1731.65,4.744246575342466,96.55000000000018,21.55238356164384,94.46575342465754,56.65205479452055,16.284109589041094,0,2
Mojokerto,2019,54993.37,61.78,6.178,339755.88,27.284931506849315,32.89342465753424,22.92,83,10,1635.0,4.47945205479452,160,205,2,64.6,0,0,1,7,6,56,1683.23,4.611589041095891,-48.23000000000002,20.3461095890411,90.85205479452055,48.67123287671233,13.87068493150685,0,2
Jombang,2019,56138.02,61.32,6.132,344236.34,27.21890410958904,33.376438356164385,23.01890410958904,94,7,2272.9,6.227123287671233,162,203,2,72.2,0,0,1,9,5,56,1656.53,4.538438356164384,616.3700000000001,20.202876712328766,93.586301369863,48.35342465753425,12.8786301369863,0,1
Nganjuk,2019,65066.04,61.45,6.1450000000000005,399845.68,27.546575342465754,32.93643835616438,23.34547945205479,78,3,1382.4,3.787397260273973,137,228,1,107.8,0,0,1,11,6,48,1892.81,5.185780821917808,-510.4099999999999,20.701863013698627,87.46849315068494,48.35890410958904,19.254246575342467,0,2
Madiun,2019,68014.65000000001,61.65,6.165,419292.44,27.508767123287672,33.066849315068495,23.526027397260275,82,2,1635.7000000000005,4.4813698630137,153,212,1,134.2,0,0,1,12,8,33,1825.18,5.000493150684931,-189.4799999999996,20.34605479452055,88.03287671232877,48.47123287671233,17.96794520547945,0,2
Magetan,2019,42231.51,61.72,6.172,260671.35,25.38164383561644,30.109315068493157,22.393972602739726,14,6,3532.8,9.67890410958904,170,195,19,185.1,6,1,6,8,6,56,1788.21,4.899205479452055,1744.5899999999997,20.63980821917808,86.36712328767123,53.45205479452055,18.77342465753425,0,1
Ngawi,2019,122500.97,63.44,6.343999999999999,777190.3600000001,27.59616438356164,33.149863013698635,23.80438356164383,87,0,2252.8,6.172054794520548,170,195,5,152.9,1,0,2,11,7,56,1873.64,5.133260273972603,379.1600000000003,20.57676712328767,86.26301369863013,48.276712328767125,18.68328767123288,0,2
Bojonegoro,2019,128863.83,53.71,5.371,692073.16,27.672602739726027,33.13506849315068,23.67561643835616,88,0,1702.8000000000002,4.665205479452055,173,192,2,55.9,0,0,1,9,5,87,1735.4,4.754520547945206,-32.59999999999991,19.917150684931507,90.2904109589041,48.95068493150685,15.380273972602737,0,1
Tuban,2019,91199.72,57.01,5.701,519934.36,27.05260273972603,31.16657534246575,23.78849315068493,2,0,1761.1,4.824931506849315,193,172,0,40.8,0,0,0,13,6,53,1681.05,4.605616438356164,80.04999999999995,20.985780821917807,90.64109589041097,57.153424657534245,15.445479452054796,0,1
Lamongan,2019,140463.58000000002,59.78,5.978,839724.4299999999,27.90246575342466,32.20821917808219,24.276164383561643,40,0,1398.7000000000005,3.8320547945205488,161,204,0,34.6,0,0,0,8,5,56,1757.48,4.815013698630137,-358.77999999999975,20.75857534246575,89.92876712328767,52.035616438356165,16.873424657534247,0,1
Gresik,2019,61643.05,59.65,5.965,367717.66,27.66602739726028,31.16986301369863,24.614520547945208,11,0,1279.0,3.504109589041096,157,208,0,44.8,0,0,0,9,6,55,1717.54,4.70558904109589,-438.54,20.6918904109589,90.84931506849315,55.83835616438356,17.504931506849314,0,0
Bangkalan,2019,39854.38,50.59,5.059,201620.0,27.02383561643836,30.64575342465753,24.120273972602742,0,0,1713.1999999999998,4.693698630136986,217,148,1,62.2,0,0,1,16,8,47,1670.01,4.575369863013699,43.18999999999983,20.76424657534247,92.07123287671232,59.30684931506849,16.448219178082194,0,2
Sampang,2019,33052.04,47.27,4.727,156219.52,27.966849315068497,31.13808219178082,25.631780821917808,3,0,1106.0,3.03013698630137,146,219,0,40.9,0,0,0,10,7,50,1807.69,4.952575342465754,-701.69,20.73649315068493,86.81643835616438,57.37808219178082,18.413698630136988,0,1
Pamekasan,2019,20169.17,45.27,4.527,91313.32,27.063835616438357,30.69780821917809,24.19780821917809,6,0,1593.0000000000002,4.3643835616438365,146,219,2,95.4,0,0,1,7,4,53,1633.6400000000003,4.475726027397261,-40.6400000000001,20.52909589041096,92.9808219178082,57.31506849315068,14.397534246575344,0,0
Sumenep,2019,38411.97,48.45,4.845000000000001,186090.84,27.048493150684934,30.49369863013699,24.35452054794521,1,0,1621.5,4.442465753424657,164,201,1,52.4,0,0,1,11,6,51,1687.31,4.622767123287671,-65.80999999999995,21.37378082191781,93.55068493150684,60.95342465753425,14.706849315068494,0,0
Kota Kediri,2019,1396.04,50.38,5.038,7032.99,26.563013698630137,31.73506849315068,23.325479452054797,34,0,1938.3,5.310410958904109,163,202,3,227.2,0,0,1,10,6,32,1738.7,4.763561643835617,199.5999999999999,19.96564383561644,92.02191780821916,54.55616438356165,20.21698630136986,0,0
Kota Blitar,2019,911.72,66.74,6.674,6084.58,25.309315068493145,30.013698630136982,21.814520547945204,0,52,1744.4,4.779178082191781,186,179,2,93.9,0,0,1,13,7,37,1506.74,4.128054794520548,237.66000000000008,19.26569863013699,96.37260273972603,59.52054794520548,17.449863013698632,0,1
Kota Malang,2019,2019.48,68.88,6.888,13909.7,24.129315068493156,28.708493150684927,21.023013698630137,0,79,2714.5,7.436986301369863,178,187,8,308.8,0,0,1,12,9,38,1433.04,3.92613698630137,1281.46,19.117260273972605,95.27945205479452,58.52328767123288,11.5786301369863,0,2
Kota Probolinggo,2019,1402.28,51.1,5.11,7165.2,27.632328767123287,31.399452054794523,24.96219178082192,9,0,1551.3,4.25013698630137,144,221,3,70.3,1,0,2,10,6,28,1975.3,5.411780821917808,-423.9999999999998,21.228657534246576,84.58356164383562,56.41643835616439,23.50109589041096,9,0
Kota Pasuruan,2019,2055.26,52.57,5.257,10804.71,27.74876712328767,32.0282191780822,23.886301369863013,3,2,1489.7,4.081369863013699,141,224,2,63.3,0,0,1,10,7,33,1753.48,4.804054794520548,-263.78,21.93345205479452,93.52054794520548,54.97260273972603,14.975342465753425,0,0
Kota Mojokerto,2019,700.9300000000001,50.87,5.087,3565.88,27.92904109589041,33.66465753424658,23.733150684931505,100,1,1635.1,4.479726027397261,151,214,1,60.8,0,0,1,9,6,56,1748.11,4.789342465753425,-113.00999999999976,20.536986301369865,91.26301369863012,46.53972602739726,14.532328767123287,0,0
Kota Madiun,2019,1302.2800000000002,63.42,6.3420000000000005,8259.39,27.508767123287672,33.066849315068495,23.526027397260275,82,2,1635.7000000000005,4.4813698630137,153,212,1,134.2,0,0,1,12,8,33,1825.18,5.000493150684931,-189.4799999999996,20.34605479452055,88.03287671232877,48.47123287671233,17.96794520547945,0,2
Kota Surabaya,2019,1724.45,55.65,5.565,9596.78,27.813424657534245,31.13205479452055,24.4827397260274,6,0,1415.6,3.8783561643835616,150,215,1,63.8,0,0,1,7,4,56,1771.15,4.852465753424657,-355.5500000000002,21.115178082191782,91.9945205479452,56.654794520547945,17.462739726027397,0,1
Kota Batu,2019,791.96,63.53,6.353,5031.1,21.78958904109589,26.09808219178082,18.74986301369863,0,311,3898.3,10.68027397260274,219,146,18,246.2,3,0,2,15,7,43,1355.16,3.712767123287672,2543.1400000000003,19.04819178082192,97.7945205479452,61.76438356164383,11.024931506849317,0,0
Pacitan,2020,19292.31,43.51,4.351,83940.9,26.3224043715847,28.93879781420765,24.33852459016393,0,0,2266.6000000000004,6.192896174863389,243,123,5,69.3,0,0,1,23,9,53,1298.9299999999998,3.548989071038251,967.6700000000004,17.7351912568306,94.50273224043715,75.01092896174863,15.91639344262295,0,0
Ponorogo,2020,65073.25,57.99,5.799,377333.2,27.248087431693992,31.619125683060112,24.089890710382512,5,0,1867.1,5.10136612021858,204,162,1,63.1,0,0,1,22,11,31,1602.2,4.377595628415301,264.9000000000001,18.540355191256836,90.53825136612022,57.77595628415301,18.44207650273224,0,1
Trenggalek,2020,19630.82,55.24,5.524,108445.62,25.59590163934426,28.766939890710383,23.279781420765023,0,4,2433.8,6.649726775956284,294,72,3,105.6,1,0,2,29,14,31,1210.51,3.3074043715846995,1223.2900000000002,16.572322404371587,96.43989071038251,73.06830601092896,13.128142076502732,0,1
Tulungagung,2020,36689.03,58.44,5.843999999999999,214398.13,26.12650273224044,30.00956284153005,23.358469945355196,0,4,2586.0,7.065573770491803,290,76,2,92.9,0,0,1,25,15,34,1312.54,3.586174863387978,1273.46,17.165464480874316,96.77322404371584,66.39071038251366,12.776229508196725,0,1
Blitar,2020,34794.97,56.57,5.657,196847.53,25.26174863387978,29.131693989071035,22.341256830601097,0,18,2728.2,7.454098360655737,250,116,5,129.2,1,0,2,23,10,38,1322.84,3.6143169398907102,1405.36,17.764289617486337,96.58743169398907,68.5327868852459,15.623497267759562,0,0
Kediri,2020,36363.62,59.38,5.938000000000001,215913.41,26.062021857923494,29.701639344262293,23.714207650273227,0,0,3751.2,10.249180327868851,243,123,11,89.5,1,0,2,20,8,55,1427.56,3.900437158469945,2323.6400000000003,18.290300546448087,93.84699453551912,66.57103825136612,16.422950819672135,0,2
Malang,2020,46121.03,59.49,5.949,274389.82,24.006557377049184,27.993169398907103,21.151639344262296,0,40,2769.5,7.566939890710382,234,132,3,73.3,0,0,1,20,12,38,1310.37,3.5802459016393446,1459.13,18.233825136612023,97.70491803278688,68.18032786885246,16.493715846994533,0,1
Lumajang,2020,53781.48,54.05,5.404999999999999,290688.21,25.710655737704915,29.360382513661207,23.083060109289622,0,3,3613.8,9.873770491803278,325,41,5,188.4,0,0,1,20,15,73,1270.7399999999998,3.4719672131147536,2343.06,17.340846994535518,96.17486338797814,71.6639344262295,12.20573770491803,0,1
Jember,2020,121605.87,48.54,4.854,590263.37,26.641803278688528,30.879234972677597,23.499453551912566,2,3,2069.6,5.6546448087431695,241,125,2,53.9,0,0,1,20,14,18,1385.42,3.785300546448088,684.1799999999998,17.89254098360656,94.7568306010929,62.05191256830601,11.072131147540984,0,0
Banyuwangi,2020,83992.78,56.06,5.606,470832.63,26.105737704918035,29.335245901639347,23.67349726775956,0,0,1783.6999999999998,4.8734972677595625,293,73,1,99.7,0,0,1,34,21,18,1380.25,3.771174863387978,403.4499999999998,18.7820218579235,95.46174863387978,68.91256830601093,13.389617486338798,0,0
Bondowoso,2020,54209.66,48.15,4.815,261018.48,25.592076502732244,30.041803278688523,22.399180327868848,4,4,1825.5,4.987704918032787,194,172,2,64.8,0,0,1,19,6,34,1501.34,4.102021857923497,324.1600000000001,18.83475409836065,92.36065573770492,59.05191256830601,14.23743169398907,0,0
Situbondo,2020,30529.3,52.39,5.239,159928.19,26.66748633879781,30.568579234972677,23.575956284153005,0,0,3091.9,8.447814207650273,212,154,8,147.3,1,0,2,13,10,49,1596.04,4.360765027322405,1495.86,20.075928961748637,91.57650273224044,60.04371584699454,14.315300546448086,0,0
Probolinggo,2020,36925.53,52.16,5.215999999999999,192600.06000000003,27.62650273224044,30.980054644808742,25.24781420765028,0,0,2457.2,6.713661202185792,192,174,6,85.2,1,0,2,16,8,49,1758.56,4.804808743169398,698.6399999999999,19.523387978142075,87.10928961748634,61.89890710382514,20.6655737704918,6,1
Pasuruan,2020,53127.08,51.37,5.137,272936.27,27.822950819672133,31.950819672131143,24.37896174863388,14,1,1987.4,5.430054644808744,174,192,1,64.5,0,0,1,16,6,45,1624.26,4.437868852459016,363.1400000000001,20.42653005464481,94.96174863387978,58.89344262295082,13.689890710382514,0,0
Sidoarjo,2020,34321.14,60.93,6.093,209109.93,27.36174863387978,30.846174863387976,24.38360655737705,0,0,2430.3,6.64016393442623,189,177,0,49.7,0,0,0,16,8,49,1579.75,4.316256830601093,850.5500000000002,19.889590163934425,95.45081967213116,61.71311475409836,15.5172131147541,0,0
Mojokerto,2020,54504.65,57.37,5.737,312686.37,27.21120218579235,32.330601092896174,23.44535519125683,61,1,2190.1,5.9838797814207645,206,160,3,99.6,1,0,2,16,6,70,1533.29,4.18931693989071,656.81,18.96983606557377,93.19125683060108,54.259562841530055,12.399726775956283,0,1
Jombang,2020,55793.12,61.51,6.151,343163.9,27.034972677595636,32.496721311475405,23.44644808743169,49,0,3198.7,8.739617486338798,223,143,4,239.5,1,0,2,15,6,95,1511.9,4.130874316939891,1686.7999999999995,18.874535519125683,95.67213114754098,55.0655737704918,11.714754098360658,0,1
Nganjuk,2020,71155.01000000001,61.4,6.14,436884.05,27.40983606557377,32.01693989071038,23.883879781420767,29,0,1926.0,5.262295081967213,175,191,3,154.8,1,0,2,15,6,31,1682.96,4.598251366120219,243.04,19.01603825136612,90.23497267759562,55.39890710382514,17.290983606557376,0,2
Madiun,2020,73000.03,61.1,6.11,446052.38,27.53114754098361,32.44398907103825,24.085792349726773,48,0,2019.6,5.518032786885246,203,163,1,77.0,0,0,1,17,12,36,1637.27,4.473415300546448,382.3299999999999,18.59393442622951,90.40710382513662,53.89890710382514,16.258196721311474,0,2
Magetan,2020,46821.62,66.01,6.601000000000001,309053.07,25.23770491803279,29.199180327868856,22.73196721311476,1,0,4828.8,13.19344262295082,232,134,29,161.1,6,2,4,18,9,69,1535.66,4.195792349726776,3293.1400000000003,18.7148087431694,90.42896174863388,61.98087431693989,16.485245901639345,0,2
Ngawi,2020,125908.27,66.54,6.654000000000001,837773.15,27.249726775956283,32.03551912568306,24.01666666666667,40,0,2738.8,7.483060109289618,226,140,4,76.4,0,0,1,21,9,51,1630.04,4.453661202185792,1108.7600000000002,18.86795081967213,90.5,56.69945355191257,16.518852459016394,0,2
Bojonegoro,2020,135635.02,53.74,5.3740000000000006,728915.12,27.37431693989071,32.08825136612022,23.95928961748634,52,0,2521.0999999999995,6.888251366120217,230,136,1,98.4,0,0,1,17,7,74,1522.1699999999998,4.158934426229508,998.9299999999996,18.24098360655737,93.34426229508196,57.185792349726775,14.129234972677594,0,1
Tuban,2020,92341.72,54.91,5.491,507053.88,27.045355191256828,30.860382513661207,24.14234972677596,0,0,2428.2,6.634426229508196,253,113,2,74.1,0,0,1,19,12,46,1529.9,4.180054644808744,898.2999999999997,19.39226775956284,93.57103825136612,61.84699453551912,14.505464480874316,0,0
Lamongan,2020,148030.9,59.86,5.986,886060.99,27.924043715846995,31.93196721311476,24.704918032786885,14,0,2033.2,5.555191256830601,211,155,0,36.4,0,0,0,15,9,33,1601.23,4.374945355191257,431.9699999999998,19.012131147540984,92.09289617486338,56.69125683060109,16.174043715846995,0,1
Gresik,2020,67010.8,60.84,6.0840000000000005,407716.63,27.693989071038253,30.877868852459013,25.040163934426232,2,0,1871.8,5.114207650273224,207,159,0,42.1,0,0,0,19,9,33,1565.7,4.277868852459017,306.10000000000014,19.06877049180328,92.12295081967213,60.63934426229508,16.69426229508197,0,1
Bangkalan,2020,44047.57,47.06,4.706,207294.89,27.05901639344262,30.45928961748634,24.485245901639345,0,0,2534.9,6.925956284153005,270,96,2,104.7,0,0,1,26,11,33,1534.56,4.192786885245901,1000.34,19.33669398907104,93.57377049180327,63.35245901639344,15.713934426229509,0,0
Sampang,2020,37792.37,50.73,5.073,191735.47,27.877322404371583,30.712295081967216,25.74234972677596,0,0,1750.5,4.782786885245901,193,173,0,34.3,0,0,0,18,6,45,1633.07,4.461939890710382,117.43000000000006,19.307786885245903,89.26229508196721,63.8551912568306,17.239890710382518,0,2
Pamekasan,2020,20170.12,50.48,5.048,101827.44,27.176775956284157,30.561475409836067,24.62814207650273,0,0,2033.4,5.555737704918033,186,180,0,38.6,0,0,0,17,8,45,1508.0100000000002,4.120245901639345,525.3899999999999,19.01081967213115,93.93989071038251,61.9207650273224,13.908196721311477,0,0
Sumenep,2020,42754.1,53.56,5.356,228980.21,27.16147540983606,30.39972677595628,24.72021857923497,0,0,2248.6,6.143715846994535,223,143,0,44.0,0,0,0,13,7,81,1580.96,4.319562841530055,667.6399999999999,20.00489071038251,94.16666666666669,64.31693989071039,14.18032786885246,0,1
Kota Kediri,2020,1686.21,60.99,6.099,10283.81,26.46147540983607,30.721584699453555,23.68114754098361,2,0,2414.8,6.5978142076502735,228,138,4,75.9,1,0,2,18,9,51,1508.08,4.1204371584699455,906.7200000000004,18.40136612021858,93.81967213114754,62.85245901639344,18.29344262295082,0,1
Kota Blitar,2020,771.27,68.38,6.837999999999999,5274.24,25.26174863387978,29.131693989071035,22.341256830601097,0,18,2728.2,7.454098360655737,250,116,5,129.2,1,0,2,23,10,38,1322.84,3.6143169398907102,1405.36,17.764289617486337,96.58743169398907,68.5327868852459,15.623497267759562,0,1
Kota Malang,2020,1738.53,67.43,6.743,11723.75,24.078142076502733,27.73879781420765,21.48032786885246,0,37,3157.1000000000004,8.625956284153007,226,140,7,71.9,0,0,1,24,9,41,1278.56,3.493333333333333,1878.5400000000004,17.508551912568304,96.48907103825135,67.20765027322405,10.538524590163936,0,2
Kota Probolinggo,2020,1449.75,52.03,5.203,7543.19,27.62650273224044,30.980054644808742,25.24781420765028,0,0,2457.2,6.713661202185792,192,174,6,85.2,1,0,2,16,8,49,1758.56,4.804808743169398,698.6399999999999,19.523387978142075,87.10928961748634,61.89890710382514,20.6655737704918,6,1
Kota Pasuruan,2020,1648.6799999999998,61.35,6.135,10115.21,27.822950819672133,31.950819672131143,24.37896174863388,14,1,1987.4,5.430054644808744,174,192,1,64.5,0,0,1,16,6,45,1624.26,4.437868852459016,363.1400000000001,20.42653005464481,94.96174863387978,58.89344262295082,13.689890710382514,0,2
Kota Mojokerto,2020,733.26,60.85,6.085,4461.78,27.975409836065573,33.423497267759565,24.164754098360653,100,0,2184.6000000000004,5.968852459016395,191,175,2,61.6,0,0,1,14,7,37,1605.17,4.385710382513661,579.4300000000003,19.06718579234973,93.37704918032787,50.778688524590166,13.54808743169399,0,2
Kota Madiun,2020,2313.6800000000003,65.55,6.555,15166.53,27.53114754098361,32.44398907103825,24.085792349726773,48,0,2019.6,5.518032786885246,203,163,1,77.0,0,0,1,17,12,36,1637.27,4.473415300546448,382.3299999999999,18.59393442622951,90.40710382513662,53.89890710382514,16.258196721311474,0,2
Kota Surabaya,2020,1865.64,59.7,5.970000000000001,11138.05,27.816666666666663,30.78715846994536,25.04371584699454,0,0,1988.8,5.433879781420765,206,160,0,44.0,0,0,0,13,7,49,1600.3200000000002,4.372459016393443,388.4799999999998,19.444535519125683,92.43169398907104,62.278688524590166,16.646721311475407,0,2
Kota Batu,2020,750.11,66.5,6.65,4988.400000000001,21.774590163934427,25.268032786885247,19.15601092896175,0,289,4340.199999999999,11.858469945355187,267,99,16,91.5,1,0,2,18,10,76,1217.69,3.3270218579234974,3122.509999999999,17.51814207650273,98.2431693989071,70.4535519125683,9.985792349726776,0,1
Pacitan,2021,18894.01,46.64,4.664,88116.56999999999,26.190684931506844,28.93397260273973,24.0827397260274,0,0,2741.2,7.51013698630137,256,109,6,121.8,0,0,1,25,13,27,1296.37,3.551698630136986,1444.83,17.740547945205478,94.24109589041096,74.10958904109589,15.089315068493152,0,1
Ponorogo,2021,68741.09,58.87,5.887,404665.04,26.87424657534246,31.25178082191781,23.66246575342465,2,1,2128.3,5.83095890410959,208,157,3,63.0,0,0,1,19,8,38,1534.9399999999998,4.20531506849315,593.3600000000004,18.333753424657534,91.4958904109589,59.3013698630137,17.311780821917807,0,1
Trenggalek,2021,22491.95,51.78,5.178,116456.34,25.51150684931507,28.876438356164385,23.053150684931506,0,1,2776.2,7.606027397260274,296,69,6,110.1,0,0,1,22,9,97,1223.79,3.352849315068493,1552.41,16.73778082191781,96.03013698630136,71.76986301369863,12.614520547945206,0,0
Tulungagung,2021,39850.76,59.7,5.970000000000001,237916.96,25.94684931506849,29.933698630136988,23.078082191780823,0,1,2351.5,6.442465753424657,289,76,4,91.1,0,0,1,29,11,49,1302.59,3.5687397260273976,1048.91,17.135260273972605,96.86575342465754,65.97808219178083,12.561369863013695,0,1
Blitar,2021,38640.6,64.02,6.401999999999999,247366.27,25.102465753424653,29.05232876712329,22.18301369863013,0,11,2944.2000000000003,8.066301369863014,257,108,5,165.0,1,0,2,18,10,48,1297.8,3.5556164383561644,1646.4000000000003,17.413479452054794,96.44109589041096,67.75890410958904,15.254520547945203,0,1
Kediri,2021,35113.22,56.45,5.6450000000000005,198222.01,25.949863013698632,29.77917808219178,23.491780821917807,0,0,4183.9,11.462739726027396,245,120,17,98.4,3,1,3,18,4,85,1410.37,3.864027397260274,2773.53,18.073424657534247,93.94520547945206,65.02465753424657,15.933972602739724,0,0
Malang,2021,45344.49,60.28,6.0280000000000005,273358.61,23.841643835616438,27.94410958904109,20.94958904109589,0,36,3049.3,8.354246575342465,250,115,5,189.3,1,0,2,22,10,38,1279.35,3.505068493150685,1769.9499999999998,17.83676712328767,97.96986301369864,67.36986301369863,15.714794520547944,0,1
Lumajang,2021,56671.26,52.07,5.207,295075.52,25.48027397260274,29.2413698630137,22.819726027397262,0,3,3309.0999999999995,9.066027397260273,323,42,5,71.0,0,0,1,23,17,48,1251.12,3.4277260273972607,2057.98,17.147972602739728,96.30958904109588,71.46849315068494,12.046027397260271,0,0
Jember,2021,124027.77,49.64,4.964,615697.87,26.325205479452052,30.55369863013698,23.19890410958904,0,4,2334.3,6.3953424657534255,245,120,2,76.3,0,0,1,19,10,39,1345.85,3.6872602739726026,988.4500000000004,17.57786301369863,94.76986301369864,63.12328767123287,11.306027397260277,0,0
Banyuwangi,2021,89125.20000000001,57.61,5.761,513490.07,25.915342465753422,29.227671232876716,23.438356164383563,0,0,1844.2,5.052602739726027,274,91,0,37.2,0,0,0,34,13,25,1372.7400000000002,3.760931506849316,471.4599999999998,18.685369863013698,95.2082191780822,68.54246575342465,13.064383561643837,0,1
Bondowoso,2021,51620.95,50.16,5.016,258951.46,25.202465753424654,29.69698630136987,22.035068493150685,0,9,2080.8,5.70082191780822,197,168,4,103.8,0,0,1,18,8,28,1454.1899999999998,3.984082191780821,626.6100000000004,18.703561643835613,92.83835616438355,60.01917808219178,15.095890410958903,0,1
Situbondo,2021,30388.14,49.74,4.974,151157.12,26.3854794520548,30.36767123287671,23.28794520547945,1,1,2842.0,7.786301369863014,217,148,4,82.4,1,0,2,14,8,84,1565.9,4.29013698630137,1276.1,19.938958904109587,92.17260273972605,60.12602739726027,14.283561643835617,0,0
Probolinggo,2021,37043.19,51.34,5.134,190180.14,27.4013698630137,30.77178082191781,24.934246575342467,0,0,1908.0,5.227397260273973,198,167,3,51.9,0,0,1,15,7,56,1713.4299999999998,4.694328767123287,194.57000000000016,19.5827397260274,87.71780821917808,62.08219178082192,20.33561643835617,3,1
Pasuruan,2021,50305.51,52.67,5.267,264950.78,27.556438356164374,31.66876712328767,24.16794520547945,5,1,1913.3,5.241917808219179,193,172,2,75.2,0,0,1,15,9,29,1610.63,4.41268493150685,302.6700000000001,20.449753424657537,95.08219178082192,59.54520547945206,14.219726027397265,0,1
Sidoarjo,2021,32586.19,62.14,6.214,202501.4,27.099178082191784,30.767671232876715,24.13260273972602,0,0,2573.4,7.05041095890411,206,159,2,59.2,0,0,1,12,6,75,1558.9900000000002,4.271205479452055,1014.41,19.979342465753422,96.0082191780822,61.4986301369863,15.274794520547944,0,1
Mojokerto,2021,51258.22,57.95,5.795,297042.32,26.907123287671237,32.086301369863016,23.22630136986301,57,3,2234.9,6.123013698630137,210,155,1,54.4,0,0,1,13,7,58,1488.55,4.078219178082192,746.3500000000001,18.65764383561644,92.63013698630137,55.0958904109589,12.123013698630135,0,1
Jombang,2021,54968.44,59.46,5.946,326826.64,26.675342465753424,32.161095890410955,23.13643835616438,37,2,3045.5,8.343835616438357,230,135,2,52.0,0,0,1,12,6,101,1477.73,4.048575342465753,1567.77,18.65490410958904,96.1041095890411,56.62465753424657,12.283835616438354,0,0
Nganjuk,2021,72439.86,59.26,5.926,429311.01,27.043013698630133,31.75123287671233,23.52493150684932,23,1,2039.7000000000005,5.588219178082192,204,161,1,52.2,0,0,1,12,7,75,1609.4299999999998,4.409397260273972,430.2700000000005,18.735835616438354,91.1917808219178,56.52054794520548,16.859452054794524,0,1
Madiun,2021,75713.29,60.99,6.099,461798.12,27.04082191780822,31.74383561643836,23.686027397260272,25,0,2315.6,6.344109589041096,221,144,1,58.7,0,0,1,20,10,28,1560.21,4.274547945205479,755.3899999999999,18.411780821917805,91.71506849315068,57.18082191780822,16.3427397260274,0,1
Magetan,2021,48487.59,63.37,6.337,307279.68,24.965479452054797,28.847123287671234,22.454794520547942,0,0,5283.9,14.476438356164383,245,120,31,135.5,9,4,6,21,7,77,1485.4699999999998,4.069780821917807,3798.43,18.547123287671237,91.24931506849316,62.98082191780822,15.460821917808222,0,1
Ngawi,2021,128737.95,61.09,6.109,786475.65,26.82684931506849,31.599178082191784,23.566849315068488,21,2,2641.9999999999995,7.23835616438356,244,121,3,72.0,0,0,1,17,7,58,1557.67,4.26758904109589,1084.3299999999997,18.642356164383564,92.05753424657534,58.08219178082192,16.162739726027397,0,1
Bojonegoro,2021,134609.22,50.07,5.007,674002.0,27.137260273972604,32.14191780821918,23.69945205479452,56,1,2336.0,6.4,238,127,0,43.3,0,0,0,14,7,67,1512.89,4.14490410958904,823.1100000000001,18.413205479452053,93.83287671232875,56.24657534246575,14.231780821917807,0,0
Tuban,2021,88049.64,55.58,5.558,489418.62,26.76684931506849,30.699178082191786,23.89205479452055,1,0,2580.8,7.070684931506849,248,117,1,53.4,0,0,1,20,8,61,1511.29,4.140520547945205,1069.5100000000002,19.39238356164384,93.48493150684932,62.13424657534247,14.82246575342466,0,0
Lamongan,2021,138450.43000000002,57.25,5.725,792662.0900000001,27.574246575342467,31.6172602739726,24.43616438356165,15,0,2233.0,6.117808219178082,226,139,0,40.3,0,0,0,14,7,77,1548.51,4.242493150684932,684.49,18.92923287671233,92.4958904109589,58.27945205479452,15.78,0,0
Gresik,2021,61394.39,61.84,6.184,379666.19,27.336986301369866,30.55780821917808,24.748219178082188,0,0,2028.3,5.556986301369864,222,143,1,87.6,0,0,1,15,8,77,1509.12,4.134575342465753,519.1800000000001,19.00082191780822,92.66301369863014,62.19178082191781,16.219452054794523,0,1
Bangkalan,2021,42110.04,46.38,4.638,195323.29,26.72301369863014,30.11616438356164,24.12493150684931,0,0,2726.5,7.46986301369863,284,81,2,55.8,0,0,1,19,10,56,1497.79,4.103534246575342,1228.71,19.37991780821918,94.02465753424656,64.43835616438356,15.983561643835616,0,0
Sampang,2021,38151.91,51.27,5.127000000000001,195600.69,27.70931506849315,30.711232876712323,25.44684931506849,0,0,1963.1,5.378356164383561,200,165,2,143.1,0,0,1,12,5,51,1629.66,4.4648219178082185,333.44000000000005,19.311479452054797,89.23835616438356,63.0,17.79041095890411,0,2
Pamekasan,2021,18925.74,51.11,5.111,96723.97,26.962191780821914,30.555342465753423,24.342739726027396,0,0,2226.2000000000003,6.099178082191782,197,168,5,63.0,0,0,1,12,6,72,1496.89,4.101068493150685,729.3100000000002,19.10835616438356,93.76986301369864,61.2958904109589,13.813424657534243,0,1
Sumenep,2021,40298.59,55.08,5.508,221979.41,26.870136986301365,30.273972602739725,24.281643835616435,0,0,2361.6,6.47013698630137,232,133,3,65.5,0,0,1,13,7,105,1549.92,4.2463561643835614,811.6799999999998,19.99326027397261,94.95890410958904,63.84109589041096,14.021369863013696,0,1
Kota Kediri,2021,1735.3,54.95,5.495,9534.86,26.266849315068495,30.547123287671237,23.46191780821918,0,0,2381.9,6.525753424657533,231,134,3,101.2,1,0,2,20,8,41,1474.0700000000002,4.03854794520548,907.8299999999996,18.203561643835616,93.87945205479453,62.75616438356165,18.07972602739726,0,1
Kota Blitar,2021,884.95,65.46,6.545999999999999,5793.3,25.102465753424653,29.05232876712329,22.18301369863013,0,11,2944.2000000000003,8.066301369863014,257,108,5,165.0,1,0,2,18,10,48,1297.8,3.5556164383561644,1646.4000000000003,17.413479452054794,96.44109589041096,67.75890410958904,15.254520547945203,0,1
Kota Malang,2021,1791.43,63.14,6.314,11311.4,23.908767123287674,27.69506849315068,21.293972602739725,0,19,3332.4,9.12986301369863,237,128,9,103.2,1,0,2,18,6,66,1252.34,3.4310684931506845,2080.0600000000004,17.234465753424658,96.46575342465754,67.27945205479452,10.42,0,0
Kota Probolinggo,2021,1530.83,58.3,5.83,8924.08,27.4013698630137,30.77178082191781,24.934246575342467,0,0,1908.0,5.227397260273973,198,167,3,51.9,0,0,1,15,7,56,1713.4299999999998,4.694328767123287,194.57000000000016,19.5827397260274,87.71780821917808,62.08219178082192,20.33561643835617,3,1
Kota Pasuruan,2021,1553.82,53.45,5.345000000000001,8304.59,27.556438356164374,31.66876712328767,24.16794520547945,5,1,1913.3,5.241917808219179,193,172,2,75.2,0,0,1,15,9,29,1610.63,4.41268493150685,302.6700000000001,20.449753424657537,95.08219178082192,59.54520547945206,14.219726027397265,0,1
Kota Mojokerto,2021,754.27,58.53,5.853,4414.93,27.7013698630137,33.281643835616435,23.930410958904112,105,1,2282.5,6.253424657534247,203,162,1,51.3,0,0,1,10,7,45,1552.71,4.254,729.79,18.78205479452055,93.37808219178082,51.30958904109589,12.967945205479452,0,1
Kota Madiun,2021,2229.49,60.58,6.058,13505.81,27.04082191780822,31.74383561643836,23.686027397260272,25,0,2315.6,6.344109589041096,221,144,1,58.7,0,0,1,20,10,28,1560.21,4.274547945205479,755.3899999999999,18.411780821917805,91.71506849315068,57.18082191780822,16.3427397260274,0,1
Kota Surabaya,2021,1736.0800000000002,56.64,5.664,9832.67,27.516438356164382,30.563287671232874,24.76821917808219,0,0,2096.4,5.7435616438356165,221,144,0,49.3,0,0,0,13,8,75,1563.4299999999998,4.283369863013698,532.9700000000003,19.498027397260277,92.73424657534248,63.342465753424655,16.17287671232877,0,1
Kota Batu,2021,825.39,69.67,6.9670000000000005,5750.19,21.526849315068493,25.08602739726028,18.927671232876712,0,332,3932.2,10.773150684931506,272,93,13,143.6,1,0,2,24,7,67,1182.11,3.238657534246576,2750.09,17.163205479452053,98.15616438356165,70.8958904109589,9.9013698630137,0,2
Pacitan,2022,17831.47,50.71,5.071,90428.21,26.17095890410959,28.96794520547945,24.049041095890416,0,0,2825.5999999999995,7.741369863013698,291,74,1,52.7,0,0,1,23,13,38,1325.13,3.630493150684932,1500.4699999999991,18.05539726027397,93.35890410958903,74.56712328767124,14.79041095890411,0,2
Ponorogo,2022,62964.37,57.08,5.708,359413.77,26.57397260273973,31.026027397260275,23.40767123287671,1,0,2753.5,7.543835616438356,245,120,2,54.5,0,0,1,24,13,31,1496.43,4.099808219178082,1257.07,18.44309589041096,91.586301369863,61.38630136986301,16.805479452054794,0,0
Trenggalek,2022,22026.97,52.55,5.255,115758.01,25.42465753424657,28.872602739726027,22.930410958904105,0,3,2590.3,7.096712328767124,293,72,3,53.7,0,0,1,29,12,31,1230.23,3.3704931506849314,1360.0700000000002,16.8613698630137,95.28219178082192,72.73972602739725,12.801917808219178,0,1
Tulungagung,2022,39531.25,52.42,5.242,207217.26,25.649315068493152,29.738630136986306,22.76438356164384,0,4,2893.3,7.926849315068494,302,63,0,49.8,0,0,0,23,14,38,1312.34,3.595452054794521,1580.96,17.610602739726026,96.93150684931508,68.44657534246575,12.695068493150687,0,0
Blitar,2022,34137.74,63.12,6.311999999999999,215482.79,24.883013698630133,28.814520547945204,22.01835616438356,0,11,3161.2000000000003,8.660821917808219,292,73,3,79.2,1,0,2,24,15,44,1298.21,3.556739726027397,1862.99,17.75994520547945,96.2082191780822,70.11780821917809,14.971506849315068,0,1
Kediri,2022,29379.86,57.47,5.747,168853.55000000002,25.60328767123288,29.293972602739725,23.226301369863016,0,0,4287.799999999999,11.74739726027397,280,85,17,82.8,4,0,2,21,11,46,1375.09,3.767369863013699,2912.709999999999,18.30049315068493,94.03287671232876,69.2958904109589,16.002191780821917,0,1
Malang,2022,45901.91,59.17,5.917,271606.78,23.67315068493151,27.695342465753427,20.765479452054795,0,41,2782.5,7.623287671232877,280,85,0,41.6,0,0,0,21,14,49,1280.54,3.508328767123288,1501.96,18.12158904109589,97.5917808219178,69.9041095890411,15.544383561643835,0,1
Lumajang,2022,55042.5,54.65,5.465,300829.01,25.424109589041095,29.29808219178082,22.615068493150684,0,7,3072.2,8.416986301369862,320,45,0,45.7,0,0,0,25,15,40,1294.05,3.5453424657534245,1778.15,17.775287671232874,95.93424657534248,71.69589041095891,12.209315068493147,0,1
Jember,2022,118489.25,51.26,5.126,607371.19,26.09287671232877,30.326849315068497,22.9427397260274,0,4,2742.0,7.512328767123288,264,101,0,44.7,0,0,0,25,11,27,1359.99,3.726,1382.01,18.06095890410959,94.58356164383562,65.74794520547945,11.496986301369864,0,1
Banyuwangi,2022,76748.03,60.22,6.022,462205.98,26.011780821917807,29.53506849315068,23.418904109589047,0,0,1492.2,4.088219178082192,268,97,0,38.8,0,0,0,40,14,15,1426.76,3.908931506849315,65.44000000000005,19.103780821917805,94.13424657534246,66.89041095890411,13.933972602739724,0,1
Bondowoso,2022,48240.7,49.48,4.948,238677.65,24.878904109589044,29.20767123287671,21.7827397260274,0,10,1912.1000000000004,5.238630136986302,220,145,2,75.6,1,0,2,18,10,29,1427.62,3.911287671232877,484.4800000000005,18.994246575342466,93.9972602739726,63.36164383561644,14.287945205479453,0,1
Situbondo,2022,26784.22,52.88,5.288,141628.0,25.99013698630137,29.869315068493147,23.08630136986301,0,1,2848.7,7.804657534246575,268,97,0,49.2,0,0,0,23,10,44,1524.73,4.177342465753425,1323.9699999999998,20.176931506849314,93.0164383561644,64.77534246575343,13.729863013698631,0,1
Probolinggo,2022,33503.12,55.34,5.534000000000001,185412.51,27.2358904109589,30.65095890410959,24.749863013698636,0,0,1877.1,5.142739726027397,225,140,0,38.2,0,0,0,27,11,24,1695.5300000000002,4.645287671232877,181.5699999999997,19.88183561643835,87.67397260273972,63.21643835616438,19.6572602739726,3,2
Pasuruan,2022,47384.82,52.18,5.218,247255.72,27.14109589041096,31.287397260273977,23.8813698630137,1,1,2203.6,6.037260273972603,217,148,0,36.2,0,0,0,24,10,25,1562.73,4.281452054794521,640.8699999999999,20.46021917808219,96.8,62.50684931506849,13.329315068493152,0,1
Sidoarjo,2022,31368.74,62.02,6.202,194540.45,26.734794520547947,30.463561643835614,23.83671232876712,0,0,3041.1000000000004,8.331780821917809,237,128,0,47.4,0,0,0,20,10,51,1520.89,4.166821917808218,1520.2100000000005,20.10928767123288,97.64109589041097,64.52054794520548,14.53972602739726,0,1
Mojokerto,2022,49395.45,57.06,5.706,281829.41,26.36438356164384,31.44684931506849,22.92876712328767,23,1,2763.7,7.571780821917808,245,120,1,53.9,0,0,1,17,11,67,1456.6,3.990684931506849,1307.1,18.95106849315069,93.81917808219178,59.16712328767123,12.065479452054795,0,0
Jombang,2022,54896.68,61.42,6.142,337172.14,26.1427397260274,31.687671232876717,22.80301369863014,6,2,3713.3,10.173424657534246,264,101,3,66.0,0,0,1,19,12,39,1447.46,3.9656438356164383,2265.84,18.87432876712329,96.92602739726028,59.99452054794521,12.194520547945206,0,1
Nganjuk,2022,70331.77,53.53,5.353,376476.43,26.479726027397263,31.053424657534247,23.12410958904109,4,1,2458.5,6.735616438356164,237,128,0,48.5,0,0,0,22,10,30,1529.9,4.1915068493150685,928.6,18.83030136986301,92.86575342465754,61.25479452054795,16.350136986301372,0,0
Madiun,2022,73061.53,54.96,5.496,401573.69,26.67178082191781,31.46164383561644,23.42246575342466,14,0,2786.0,7.632876712328767,241,124,1,59.6,0,0,1,24,11,45,1525.2000000000005,4.178630136986302,1260.7999999999995,18.58358904109589,92.12876712328767,59.53972602739726,16.108767123287674,0,0
Magetan,2022,43965.490000000005,60.66,6.066,266699.89,24.738630136986306,28.60054794520548,22.3613698630137,0,0,4849.9,13.287397260273972,271,94,24,103.1,5,2,5,22,10,44,1456.9299999999998,3.99158904109589,3392.97,18.817205479452053,91.66301369863014,65.46301369863014,15.215616438356165,0,0
Ngawi,2022,128585.79,58.79,5.879,755938.95,26.31013698630137,31.096164383561646,23.18493150684932,2,0,3314.2,9.08,256,109,0,49.0,0,0,0,23,13,41,1512.14,4.142849315068493,1802.06,19.01504109589041,93.71506849315068,61.91232876712328,15.852876712328769,0,0
Bojonegoro,2022,133665.5,52.69,5.269,704288.9400000001,26.533424657534248,31.382465753424658,23.331780821917803,12,0,2979.8,8.163835616438357,267,98,1,71.1,0,0,1,16,9,51,1455.6,3.987945205479452,1524.2000000000005,18.60578082191781,95.11232876712327,60.91232876712328,14.132054794520547,0,0
Tuban,2022,85288.02,58.5,5.85,498938.59,26.35013698630137,30.247671232876712,23.614520547945204,0,0,2741.0,7.50958904109589,277,88,1,50.6,0,0,1,18,12,71,1469.93,4.027205479452055,1271.07,19.416438356164385,94.0082191780822,65.67397260273972,14.49890410958904,0,1
Lamongan,2022,150903.4,59.9,5.99,903882.29,27.08849315068493,31.10054794520548,24.037260273972603,6,0,2564.9,7.027123287671233,260,105,0,36.7,0,0,0,21,12,51,1490.98,4.084876712328767,1073.92,18.886465753424652,93.24657534246576,61.84657534246576,15.055616438356164,0,2
Gresik,2022,63287.2,64.98,6.498,411242.2,26.99945205479452,30.11397260273973,24.504931506849317,0,0,2340.9000000000005,6.413424657534248,237,128,0,48.9,0,0,0,24,11,40,1463.3,4.009041095890411,877.6000000000006,18.98786301369863,93.96164383561644,65.75616438356164,15.370684931506847,0,2
Bangkalan,2022,40717.81,48.66,4.866,198122.71,26.28027397260274,29.563287671232874,23.787123287671232,0,0,3360.2000000000003,9.206027397260277,286,79,1,53.1,0,0,1,20,13,37,1429.6,3.916712328767123,1930.6000000000004,19.140931506849316,94.74520547945204,69.54246575342465,15.168219178082191,0,1
Sampang,2022,34880.84,49.45,4.945,172494.38,27.350684931506848,30.3027397260274,25.055890410958902,0,0,2236.2,6.1265753424657525,246,119,1,56.5,0,0,1,22,10,69,1561.09,4.276958904109589,675.1099999999999,19.42531506849315,90.6054794520548,66.7095890410959,16.69397260273973,0,1
Pamekasan,2022,20497.42,52.52,5.252000000000001,107648.71,26.740821917808223,30.354520547945203,24.15890410958904,0,0,2204.7,6.040273972602739,227,138,0,39.7,0,0,0,20,10,47,1470.9399999999998,4.029972602739726,733.76,19.167123287671235,93.93150684931508,63.78356164383562,13.200547945205482,0,1
Sumenep,2022,41835.41,55.12,5.512,230581.31,26.56767123287672,29.93616438356165,23.9986301369863,0,0,2449.5,6.710958904109589,257,108,0,45.9,0,0,0,22,11,49,1510.61,4.138657534246576,938.89,19.93591780821918,95.53698630136986,66.72054794520548,13.50027397260274,0,2
Kota Kediri,2022,1864.13,54.7,5.470000000000001,10197.5,25.8827397260274,30.0827397260274,23.2,0,0,3010.9,8.24904109589041,264,101,1,51.0,0,0,1,24,11,32,1436.73,3.936246575342466,1574.17,18.471205479452053,93.73972602739724,66.91232876712328,17.966027397260277,0,1
Kota Blitar,2022,728.19,71.58,7.158,5212.13,24.883013698630133,28.814520547945204,22.01835616438356,0,11,3161.2000000000003,8.660821917808219,292,73,3,79.2,1,0,2,24,15,44,1298.21,3.556739726027397,1862.99,17.75994520547945,96.2082191780822,70.11780821917809,14.971506849315068,0,1
Kota Malang,2022,1718.11,62.69,6.269,10771.15,23.838904109589045,27.647123287671235,21.21123287671233,0,20,3434.4,9.40931506849315,247,118,3,63.5,0,0,1,19,6,40,1269.5,3.478082191780822,2164.9,17.61786301369863,95.94520547945206,68.4986301369863,10.40054794520548,0,0
Kota Probolinggo,2022,1323.99,61.21,6.121,8103.92,27.2358904109589,30.65095890410959,24.749863013698636,0,0,1877.1,5.142739726027397,225,140,0,38.2,0,0,0,27,11,24,1695.5300000000002,4.645287671232877,181.5699999999997,19.88183561643835,87.67397260273972,63.21643835616438,19.6572602739726,3,2
Kota Pasuruan,2022,1393.98,52.32,5.232,7293.69,27.14109589041096,31.287397260273977,23.8813698630137,1,1,2203.6,6.037260273972603,217,148,0,36.2,0,0,0,24,10,25,1562.73,4.281452054794521,640.8699999999999,20.46021917808219,96.8,62.50684931506849,13.329315068493152,0,0
Kota Mojokerto,2022,833.0300000000001,60.42,6.042,5032.96,27.032328767123285,32.569589041095895,23.575616438356164,42,1,2596.2000000000003,7.112876712328768,240,125,0,39.4,0,0,0,23,11,30,1502.7500000000002,4.117123287671234,1093.45,19.06523287671233,95.0958904109589,55.66301369863014,12.696712328767124,0,2
Kota Madiun,2022,2194.5800000000004,52.19,5.218999999999999,11453.92,26.67178082191781,31.46164383561644,23.42246575342466,14,0,2786.0,7.632876712328767,241,124,1,59.6,0,0,1,24,11,45,1525.2000000000005,4.178630136986302,1260.7999999999995,18.58358904109589,92.12876712328767,59.53972602739726,16.108767123287674,0,0
Kota Surabaya,2022,1447.98,56.06,5.606,8117.309999999999,27.29095890410959,30.36027397260274,24.588493150684936,0,0,2415.7,6.618356164383561,241,124,1,59.7,0,0,1,20,11,26,1535.2,4.206027397260274,880.4999999999998,19.618356164383563,93.22191780821916,65.42739726027398,15.477260273972602,0,1
Kota Batu,2022,1059.45,63.83,6.383,6762.570000000001,21.46739726027397,25.072054794520547,18.887671232876716,0,344,3325.8,9.111780821917808,281,84,10,77.5,2,1,3,22,9,52,1199.2,3.2854794520547945,2126.6000000000004,17.502438356164383,97.9041095890411,71.25479452054795,10.07835616438356,0,1
Pacitan,2023,17923.4,51.88,5.188000000000001,92992.64,26.09178082191781,29.20191780821918,23.654794520547945,0,2,1301.0,3.564383561643836,179,186,1,53.2,0,0,1,16,7,44,1500.5100000000002,4.110986301369864,-199.51000000000025,20.499369863013698,92.92328767123288,69.61369863013698,17.232876712328768,0,2
Ponorogo,2023,66594.55,59.01,5.901,392994.08,27.14246575342466,32.23917808219178,23.263835616438357,48,7,1288.4,3.5298630136986304,148,217,0,33.4,0,0,0,18,5,27,1783.56,4.886465753424657,-495.1599999999999,20.5046301369863,90.01917808219179,52.64109589041096,20.398356164383564,0,1
Trenggalek,2023,22049.36,52.1,5.21,114874.53,25.52191780821918,29.343561643835617,22.75369863013698,0,7,1456.6,3.990684931506849,219,146,0,40.3,0,0,0,24,8,27,1406.23,3.8526849315068494,50.36999999999989,19.093123287671236,95.24109589041096,66.65205479452055,14.528767123287672,0,0
Tulungagung,2023,40238.66,58.53,5.853,235502.11,26.04164383561644,30.525479452054796,22.79342465753424,0,9,1651.8,4.525479452054794,213,152,1,52.8,0,0,1,23,10,24,1499.02,4.106904109589041,152.77999999999997,19.52323287671233,95.76712328767124,61.347945205479455,14.153972602739726,0,1
Blitar,2023,36340.17,66.1,6.609999999999999,240224.41,25.228493150684937,29.775068493150687,21.796712328767125,0,37,1562.5,4.280821917808219,195,170,0,35.2,0,0,0,19,8,34,1512.27,4.143205479452055,50.23000000000002,19.81041095890411,95.9917808219178,61.5972602739726,17.277808219178084,0,2
Kediri,2023,31268.33,58.7,5.87,183533.76,26.19178082191781,30.41041095890411,23.47041095890411,1,0,3066.5,8.401369863013699,185,180,14,114.4,2,2,4,16,7,51,1634.4499999999998,4.477945205479451,1432.0500000000002,19.931561643835614,90.67123287671232,60.37808219178082,18.098356164383564,0,1
Malang,2023,43918.59,63.61,6.361,279365.91,23.90904109589041,28.329863013698635,20.64219178082192,0,85,1658.8000000000002,4.544657534246576,190,175,0,39.7,0,0,0,15,8,41,1458.31,3.9953698630136985,200.49000000000024,20.015178082191778,97.09041095890412,63.24383561643835,17.66986301369863,0,2
Lumajang,2023,55128.79,55.99,5.599,308646.08,25.393424657534243,29.507123287671234,22.3413698630137,0,16,2093.1,5.7345205479452055,275,90,0,46.7,0,0,0,30,15,31,1404.03,3.846657534246576,689.0699999999999,19.202684931506848,95.41643835616438,68.17260273972603,12.969041095890413,0,2
Jember,2023,120187.87,51.31,5.131,616725.77,26.415616438356167,31.30328767123288,22.875616438356165,9,10,1770.5,4.85068493150685,211,154,2,58.7,0,0,1,21,11,38,1499.69,4.108739726027397,270.80999999999995,19.380986301369862,94.33698630136986,58.36986301369863,12.647123287671237,0,1
Banyuwangi,2023,75062.48,60.59,6.059,454768.46,25.80958904109589,29.530410958904103,22.96219178082192,0,5,1228.4,3.3654794520547946,214,151,0,34.4,0,0,0,21,8,26,1514.15,4.148356164383562,-285.75,20.379369863013697,93.66301369863014,64.36164383561643,14.06054794520548,0,2
Bondowoso,2023,50364.98,49.2,4.92,247778.74,25.487671232876718,30.60712328767123,21.72520547945205,11,37,1361.3000000000002,3.729589041095891,158,207,1,51.7,0,0,1,12,6,42,1643.9499999999998,4.503972602739726,-282.64999999999964,20.742082191780817,91.89041095890413,54.16438356164384,15.560547945205478,0,1
Situbondo,2023,27917.32,56.34,5.634,157273.25,26.497534246575334,30.986027397260276,22.849041095890414,0,5,2029.2000000000005,5.559452054794521,176,189,2,64.4,0,0,1,13,7,47,1711.19,4.688191780821918,318.0100000000002,21.82983561643836,90.16986301369865,55.76986301369863,14.170136986301369,0,2
Probolinggo,2023,35121.69,57.24,5.724,201044.34,27.88383561643836,31.99616438356164,24.859726027397254,34,0,1228.1,3.364657534246576,152,213,0,35.0,0,0,0,15,5,25,1966.63,5.388027397260275,-738.53,21.25906849315068,83.35342465753425,53.915068493150685,21.8841095890411,2,2
Pasuruan,2023,48999.14,53.07,5.307,260061.94,27.785753424657536,32.36356164383562,23.735616438356164,15,1,1202.8,3.2953424657534245,144,221,0,38.4,0,0,0,14,9,24,1765.14,4.835999999999999,-562.3399999999999,22.06432876712329,91.48493150684932,53.85205479452055,14.92082191780822,0,1
Sidoarjo,2023,31030.460000000003,63.12,6.311999999999999,195855.35,27.37013698630137,31.67287671232876,23.72082191780822,26,0,1768.0,4.843835616438356,160,205,0,48.2,0,0,0,11,6,53,1731.1,4.742739726027398,36.89999999999986,21.60468493150685,94.24931506849316,54.83835616438356,15.243561643835616,0,1
Mojokerto,2023,53462.15,56.66,5.666,302890.75,27.29753424657534,33.06328767123287,23.01150684931507,84,1,1690.0000000000002,4.630136986301371,165,200,0,47.4,0,0,0,14,9,20,1662.09,4.553671232876712,27.91000000000031,20.50715068493151,91.26301369863012,48.81643835616438,13.358082191780822,0,0
Jombang,2023,56762.71,61.11,6.111,346873.45,26.99561643835616,33.05315068493151,22.921369863013695,68,2,2045.4,5.6038356164383565,182,183,0,47.9,0,0,0,9,5,64,1659.9,4.547671232876712,385.5000000000002,20.55002739726028,94.25479452054796,50.80821917808219,13.567945205479452,0,0
Nganjuk,2023,72039.49,58.04,5.804,418096.11,27.5254794520548,32.829863013698635,23.346301369863014,82,3,1375.5,3.768493150684932,143,222,1,63.8,0,0,1,16,6,30,1835.87,5.029780821917808,-460.3700000000001,20.689753424657532,87.94246575342466,50.07123287671233,19.2172602739726,0,1
Madiun,2023,74784.95,58.51,5.851,437593.08,27.588767123287678,33.02575342465753,23.635342465753425,84,0,1474.3000000000002,4.039178082191781,138,227,1,58.3,0,0,1,17,4,17,1847.44,5.061479452054795,-373.1399999999999,20.567205479452056,88.0054794520548,49.38082191780822,18.736986301369864,0,1
Magetan,2023,44424.0,63.16,6.316,280592.09,25.54383561643836,30.047671232876716,22.698356164383565,8,0,4096.099999999999,11.222191780821916,177,188,31,120.3,5,2,9,12,5,56,1785.21,4.890986301369863,2310.8899999999994,20.703616438356164,85.3890410958904,55.2027397260274,18.176438356164383,0,1
Ngawi,2023,124922.92,61.74,6.174,771251.37,27.396712328767123,32.79835616438356,23.56739726027397,74,1,1645.9,4.509315068493151,163,202,0,48.4,0,0,0,18,8,27,1845.29,5.055589041095891,-199.38999999999987,20.878849315068493,87.92876712328767,50.32876712328767,19.05726027397261,0,1
Bojonegoro,2023,132712.02,53.2,5.32,705962.63,27.474520547945207,32.97972602739726,23.51287671232877,82,0,1721.5,4.716438356164384,176,189,2,58.7,1,0,2,12,7,41,1721.89,4.717506849315068,-0.3899999999998726,20.474575342465755,91.1972602739726,50.47671232876712,15.587397260273972,0,1
Tuban,2023,84115.62999999999,59.65,5.965,501741.12,26.92739726027397,31.268767123287677,23.698630136986303,0,0,2051.1000000000004,5.619452054794522,216,149,1,52.9,0,0,1,15,5,115,1660.19,4.548465753424658,390.9100000000003,21.04980821917808,91.43561643835616,58.23835616438356,15.34027397260274,0,2
Lamongan,2023,139704.81,57.17,5.7170000000000005,798704.85,27.807397260273973,32.755890410958905,23.91671232876712,73,0,1870.0,5.123287671232877,190,175,1,66.8,0,0,1,13,8,68,1696.98,4.649260273972603,173.01999999999998,20.484794520547943,91.96712328767124,51.79178082191781,15.46931506849315,0,0
Gresik,2023,66202.61,63.05,6.305,417428.58,27.899726027397264,32.13780821917808,24.36164383561644,61,0,1499.1999999999998,4.107397260273972,170,195,1,52.4,0,0,1,15,8,47,1741.21,4.770438356164384,-242.01000000000025,20.808958904109588,91.26849315068492,52.78356164383562,16.604383561643836,0,2
Bangkalan,2023,38011.82,49.0,4.9,186257.96,26.912328767123288,30.632602739726025,23.98219178082192,0,0,1985.5,5.43972602739726,233,132,1,111.5,0,0,1,13,7,90,1663.48,4.557479452054794,322.02,21.16580821917808,92.4027397260274,61.06027397260274,17.067123287671233,0,1
Sampang,2023,34795.54,48.05,4.805,167191.35,28.06821917808219,31.428219178082195,25.51013698630137,14,0,1192.7,3.267671232876713,149,216,0,40.7,0,0,0,9,6,44,1841.52,5.045260273972603,-648.8199999999999,21.397972602739724,87.04383561643836,57.02465753424657,18.481917808219176,0,1
Pamekasan,2023,19884.36,54.56,5.456,108483.14,27.29095890410959,31.4172602739726,24.12904109589041,16,0,1333.6,3.653698630136986,157,208,0,43.8,0,0,0,13,6,33,1704.6899999999998,4.670383561643835,-371.0899999999999,21.2374794520548,92.62739726027397,54.49041095890411,14.35013698630137,0,2
Sumenep,2023,42432.97,51.33,5.133,217810.48,27.234794520547947,31.263287671232877,24.12684931506849,13,0,1475.8000000000002,4.043287671232878,172,193,0,39.0,0,0,0,12,7,61,1746.1799999999998,4.784054794520547,-270.37999999999965,21.766109589041093,93.03835616438356,57.18904109589041,14.51041095890411,0,0
Kota Kediri,2023,1519.69,54.43,5.443,8271.57,26.64904109589041,31.51013698630137,23.50657534246575,29,1,1746.8,4.785753424657534,176,189,2,57.2,0,0,1,20,9,24,1750.8599999999997,4.796876712328766,-4.059999999999718,20.14068493150685,90.56712328767124,56.484931506849314,20.65095890410959,0,0
Kota Blitar,2023,786.5699999999999,71.66,7.166,5636.68,25.228493150684937,29.775068493150687,21.796712328767125,0,37,1562.5,4.280821917808219,195,170,0,35.2,0,0,0,19,8,34,1512.27,4.143205479452055,50.23000000000002,19.81041095890411,95.9917808219178,61.5972602739726,17.277808219178084,0,2
Kota Malang,2023,1632.88,63.19,6.319,10318.57,23.92410958904109,28.30109589041096,20.84520547945205,0,81,2216.8,6.073424657534247,179,186,2,69.9,0,0,1,14,8,41,1414.35,3.874931506849314,802.4500000000003,19.34641095890411,96.18082191780822,62.75890410958904,11.15972602739726,0,1
Kota Probolinggo,2023,1309.4399999999998,57.29,5.729,7502.06,27.88383561643836,31.99616438356164,24.859726027397254,34,0,1228.1,3.364657534246576,152,213,0,35.0,0,0,0,15,5,25,1966.63,5.388027397260275,-738.53,21.25906849315068,83.35342465753425,53.915068493150685,21.8841095890411,2,1
Kota Pasuruan,2023,1374.7,58.34,5.8340000000000005,8020.030000000001,27.785753424657536,32.36356164383562,23.735616438356164,15,1,1202.8,3.2953424657534245,144,221,0,38.4,0,0,0,14,9,24,1765.14,4.835999999999999,-562.3399999999999,22.06432876712329,91.48493150684932,53.85205479452055,14.92082191780822,0,1
Kota Mojokerto,2023,620.48,53.07,5.307,3292.78,27.9158904109589,33.99753424657534,23.65424657534247,118,0,1540.1,4.2194520547945205,154,211,0,42.4,0,0,0,16,7,16,1722.08,4.718027397260274,-181.98,20.639013698630137,92.5972602739726,46.62191780821918,14.23013698630137,0,0
Kota Madiun,2023,2204.48,55.2,5.5200000000000005,12169.62,27.588767123287678,33.02575342465753,23.635342465753425,84,0,1474.3000000000002,4.039178082191781,138,227,1,58.3,0,0,1,17,4,17,1847.44,5.061479452054795,-373.1399999999999,20.567205479452056,88.0054794520548,49.38082191780822,18.736986301369864,0,0
Kota Surabaya,2023,1506.01,53.58,5.358,8068.88,27.847123287671234,31.44931506849315,24.328219178082197,15,0,1479.0,4.052054794520548,160,205,0,45.0,0,0,0,12,4,65,1774.59,4.861890410958904,-295.5899999999999,21.34778082191781,91.71232876712328,56.11780821917808,17.208493150684934,0,0
Kota Batu,2023,727.29,66.86,6.686,4862.81,21.444657534246577,25.449589041095887,18.515342465753427,0,335,2390.9,6.55041095890411,230,135,4,58.2,0,0,1,18,10,48,1315.25,3.603424657534247,1075.65,19.004767123287674,97.96712328767124,66.81917808219178,10.724383561643837,0,1
Pacitan,2024,14602.85,47.7,4.7700000000000005,69650.98000000001,26.580327868852457,29.774590163934427,24.17240437158469,0,0,1982.0,5.415300546448087,208,158,0,44.7,0,0,0,18,6,51,1480.6,4.045355191256831,501.4000000000001,19.693934426229507,93.224043715847,70.00819672131148,16.904371584699454,0,1
Ponorogo,2024,63395.6,59.82,5.982,379244.91,27.408743169398907,32.47185792349727,23.75546448087432,9,3,1856.4,5.072131147540984,187,179,0,47.2,0,0,0,17,8,23,1706.1799999999998,4.661693989071038,150.22000000000003,19.80693989071038,92.03005464480874,54.57377049180328,19.073224043715847,0,2
Trenggalek,2024,18239.460000000003,57.49,5.7490000000000006,104859.35,25.94125683060109,29.746994535519125,23.30655737704918,0,10,1935.0,5.286885245901639,247,119,0,41.4,0,0,0,30,9,30,1358.32,3.711256830601093,576.6800000000001,18.326202185792347,95.88251366120218,68.38251366120218,13.702185792349727,0,2
Tulungagung,2024,34167.990000000005,62.87,6.287,214820.77,26.544262295081968,31.12568306010929,23.34918032786885,0,4,1932.2000000000005,5.279234972677596,259,107,0,39.5,0,0,0,24,10,34,1479.71,4.04292349726776,452.4900000000002,19.009207650273225,96.39890710382514,61.13661202185792,13.46120218579235,0,2
Blitar,2024,30789.76,55.59,5.559,171154.02,25.659016393442624,30.15956284153005,22.388524590163936,0,21,2240.7,6.122131147540983,217,149,2,59.6,0,0,1,17,9,48,1473.61,4.026256830601093,767.0899999999997,19.1124043715847,96.28688524590164,63.11202185792349,16.36967213114754,0,0
Kediri,2024,30496.57,57.08,5.708,174072.2,26.57295081967213,30.76010928961749,24.03114754098361,0,0,3768.3,10.295901639344264,206,160,16,100.4,3,1,3,16,6,55,1597.2099999999998,4.363961748633879,2171.09,19.58844262295082,91.62021857923496,62.19398907103825,16.794535519125684,0,1
Malang,2024,41019.97,62.11,6.211,254793.72,24.27814207650273,28.698360655737712,21.17267759562841,0,54,2456.0,6.7103825136612025,229,137,0,48.9,0,0,0,17,8,57,1424.08,3.890928961748634,1031.92,19.50338797814208,97.6584699453552,65.23497267759562,17.131420765027322,0,1
Lumajang,2024,47553.88,54.07,5.407,257120.65,25.69371584699454,29.98415300546448,22.691803278688525,0,17,2690.5,7.351092896174864,295,71,2,64.1,0,0,1,25,15,34,1382.3200000000002,3.7768306010928967,1308.1799999999998,18.758169398907103,96.3032786885246,68.8415300546448,12.274590163934429,0,1
Jember,2024,120069.41,51.91,5.191,623264.88,26.82131147540984,31.764207650273224,23.366666666666667,3,7,2095.0,5.724043715846994,206,160,1,53.6,0,0,1,19,10,28,1497.1,4.090437158469945,597.9000000000001,19.166639344262297,95.21584699453553,58.978142076502735,11.646721311475412,0,2
Banyuwangi,2024,67240.56,58.84,5.884,395631.38,26.255191256830607,29.974043715847,23.50409836065574,1,1,1400.8,3.8273224043715848,244,122,0,44.4,0,0,0,32,10,21,1481.08,4.046666666666667,-80.27999999999997,19.802513661202184,94.1830601092896,65.71584699453553,13.830054644808744,0,1
Bondowoso,2024,50609.62,51.27,5.127000000000001,259477.68,25.971584699453548,31.13306010928962,22.334972677595623,7,16,1541.1999999999998,4.210928961748634,186,180,1,57.8,0,0,1,20,8,24,1612.0500000000002,4.404508196721312,-70.85000000000036,19.996420765027324,92.75136612021858,54.09562841530055,14.58879781420765,0,2
Situbondo,2024,29935.08,54.2,5.42,162236.82,26.92622950819672,31.382513661202186,23.383879781420767,3,2,2406.2,6.57431693989071,206,160,1,66.2,0,0,1,14,4,75,1676.2699999999998,4.579972677595627,729.9300000000001,21.133333333333333,90.54918032786884,57.10928961748634,13.212021857923498,0,1
Probolinggo,2024,33177.950000000004,53.53,5.353,177607.38,28.19125683060109,32.50628415300547,25.03333333333333,14,0,1790.2999999999995,4.891530054644808,187,179,0,48.0,0,0,0,16,6,45,1903.87,5.2018306010928965,-113.5700000000004,20.807322404371583,86.0327868852459,54.849726775956285,20.09016393442623,1,1
Pasuruan,2024,51087.0,54.29,5.429,277354.51,28.374043715847,33.14890710382514,24.331967213114755,13,0,1405.5,3.8401639344262297,161,205,0,49.9,0,0,0,17,6,42,1756.3200000000002,4.7986885245901645,-350.82000000000016,21.519781420765028,90.06830601092896,52.46174863387978,15.105464480874318,0,2
Sidoarjo,2024,32100.11,65.1,6.51,208986.7,27.72103825136612,32.17131147540984,24.05928961748634,16,0,2180.5,5.957650273224044,167,199,0,39.9,0,0,0,13,6,47,1715.08,4.686010928961749,465.4200000000001,21.147595628415303,93.6775956284153,55.66939890710383,14.53415300546448,0,1
Mojokerto,2024,47296.06,60.41,6.041,285714.44,27.39972677595628,32.913114754098366,23.47650273224044,48,1,2203.7,6.02103825136612,189,177,3,51.5,0,0,1,14,4,54,1607.07,4.390901639344262,596.6299999999999,20.204398907103823,92.77049180327867,53.61202185792349,12.082513661202189,0,1
Jombang,2024,55369.46,61.82,6.182,342291.32,27.104371584699457,32.82978142076503,23.41994535519126,34,2,2980.1000000000004,8.142349726775958,205,161,3,105.6,0,0,1,15,7,54,1608.34,4.394371584699454,1371.7600000000002,20.09691256830601,95.16120218579236,55.10382513661202,13.185245901639345,0,1
Nganjuk,2024,69685.56999999999,58.11,5.811,404975.09,27.879234972677597,33.24890710382514,23.848360655737704,63,0,1615.1999999999998,4.41311475409836,171,195,0,33.7,0,0,0,17,8,25,1784.52,4.875737704918032,-169.32000000000016,20.136666666666667,89.65300546448087,50.66393442622951,18.145081967213116,0,1
Madiun,2024,73419.94,59.58,5.958,437458.25,27.756830601092897,33.0827868852459,24.028415300546445,48,0,1946.8,5.319125683060109,181,185,1,58.0,0,0,1,23,7,24,1756.89,4.800245901639344,189.90999999999983,19.932704918032787,90.39617486338798,52.41256830601093,17.458743169398907,0,1
Magetan,2024,43404.62,62.72,6.272,272246.05000000005,25.79234972677596,30.06639344262295,23.206557377049183,1,0,4463.6,12.195628415300549,210,156,31,133.8,7,2,5,14,8,34,1707.16,4.664371584699453,2756.4400000000005,20.13169398907104,87.27322404371584,59.040983606557376,17.05792349726776,0,1
Ngawi,2024,123075.68,62.21,6.221,765703.53,27.40409836065574,32.605737704918035,23.855464480874318,43,0,2834.6000000000004,7.7448087431694,206,160,2,63.4,0,0,1,20,10,29,1754.87,4.794726775956284,1079.7300000000005,20.32144808743169,90.4535519125683,54.75136612021858,17.87540983606557,0,1
Bojonegoro,2024,131220.56,54.15,5.415,710527.18,27.48661202185792,32.68415300546448,23.85218579234973,49,1,2462.8,6.72896174863388,209,157,0,48.4,0,0,0,15,8,55,1638.6,4.477049180327868,824.2000000000003,19.926530054644807,92.4535519125683,55.19945355191257,14.68224043715847,0,1
Tuban,2024,84211.69,62.11,6.211,523067.4900000001,27.168579234972675,31.31967213114754,24.090437158469943,2,0,2490.1,6.803551912568306,241,125,1,54.5,0,0,1,15,8,61,1607.6,4.392349726775956,882.5,20.39051912568306,92.1830601092896,61.40710382513661,14.704371584699452,0,2
Lamongan,2024,130670.42,59.41,5.941,776290.66,28.003278688524592,33.212021857923496,24.184153005464484,65,0,2594.9,7.089890710382512,213,153,1,53.0,0,0,1,14,7,55,1639.44,4.479344262295082,955.4599999999996,19.80587431693989,92.98907103825135,53.4207650273224,14.80327868852459,0,1
Gresik,2024,54057.45,60.85,6.085,328959.53,28.26174863387978,33.00027322404372,24.570491803278685,43,0,1915.1,5.232513661202185,186,180,0,45.2,0,0,0,17,5,49,1714.37,4.684071038251366,200.73,20.16196721311476,91.27322404371584,51.65573770491803,15.63934426229508,0,1
Bangkalan,2024,39554.55,47.82,4.782,189161.9,27.2551912568306,30.872404371584697,24.39918032786885,0,0,2080.5,5.684426229508197,239,127,0,49.4,0,0,0,17,7,54,1611.02,4.401693989071038,469.48,20.408415300546448,92.551912568306,62.86612021857923,16.022131147540986,0,1
Sampang,2024,33068.93,44.13,4.413,145931.75,28.32377049180328,31.81830601092896,25.78852459016393,8,0,1874.0,5.120218579234972,180,186,0,32.1,0,0,0,14,5,48,1781.94,4.868688524590164,92.05999999999996,20.624234972677595,87.79508196721312,58.62295081967213,17.297540983606556,0,0
Pamekasan,2024,19637.62,51.69,5.169,101501.42,27.542622950819677,31.677322404371587,24.403825136612024,4,0,1891.7,5.168579234972677,189,177,0,43.9,0,0,0,15,6,47,1651.15,4.511338797814208,240.54999999999973,20.431939890710385,93.41256830601093,56.77049180327869,14.20710382513661,0,1
Sumenep,2024,36761.47,51.55,5.154999999999999,189499.69,27.46311475409836,31.441530054644808,24.31803278688524,8,0,2176.8,5.947540983606558,202,164,1,59.7,0,0,1,14,5,47,1676.88,4.581639344262295,499.9200000000001,20.841256830601093,93.73497267759562,59.83606557377049,14.268306010928962,0,1
Kota Kediri,2024,1328.15,63.19,6.319,8392.91,27.01612021857924,31.83333333333333,24.02950819672131,3,0,2059.3,5.6265027322404375,204,162,1,53.9,0,0,1,16,8,28,1694.59,4.630027322404372,364.71,19.729016393442624,91.54918032786884,58.060109289617486,19.498087431693985,0,2
Kota Blitar,2024,574.04,64.84,6.484,3722.17,25.659016393442624,30.15956284153005,22.388524590163936,0,21,2240.7,6.122131147540983,217,149,2,59.6,0,0,1,17,9,48,1473.61,4.026256830601093,767.0899999999997,19.1124043715847,96.28688524590164,63.11202185792349,16.36967213114754,0,0
Kota Malang,2024,1610.91,65.16,6.516,10496.65,24.303825136612023,28.613387978142075,21.33715846994536,0,53,2832.4000000000005,7.7387978142076514,206,160,11,79.6,3,1,3,17,7,46,1400.12,3.825464480874317,1432.2800000000009,19.00103825136612,96.54098360655738,63.5792349726776,9.979234972677595,0,1
Kota Probolinggo,2024,1391.07,61.06,6.106,8494.14,28.19125683060109,32.50628415300547,25.03333333333333,14,0,1790.2999999999995,4.891530054644808,187,179,0,48.0,0,0,0,16,6,45,1903.87,5.2018306010928965,-113.5700000000004,20.807322404371583,86.0327868852459,54.849726775956285,20.09016393442623,1,1
Kota Pasuruan,2024,1574.89,55.02,5.502000000000001,8665.29,28.374043715847,33.14890710382514,24.331967213114755,13,0,1405.5,3.8401639344262297,161,205,0,49.9,0,0,0,17,6,42,1756.3200000000002,4.7986885245901645,-350.82000000000016,21.519781420765028,90.06830601092896,52.46174863387978,15.105464480874318,0,1
Kota Mojokerto,2024,571.1,60.4,6.04,3449.63,28.14754098360656,34.13661202185792,24.119125683060105,108,0,1979.6,5.408743169398907,185,181,1,56.1,0,0,1,15,5,46,1681.72,4.594863387978142,297.8799999999999,20.435136612021857,93.57103825136612,49.25409836065574,13.363661202185794,0,1
Kota Madiun,2024,2190.08,57.58,5.758,12610.42,27.756830601092897,33.0827868852459,24.028415300546445,48,0,1946.8,5.319125683060109,181,185,1,58.0,0,0,1,23,7,24,1756.89,4.800245901639344,189.90999999999983,19.932704918032787,90.39617486338798,52.41256830601093,17.458743169398907,0,1
Kota Surabaya,2024,1321.75,55.54,5.554,7340.42,28.128415300546447,31.892622950819675,24.531693989071037,3,1,1987.7000000000005,5.430874316939891,181,185,0,34.0,0,0,0,13,7,48,1745.6,4.769398907103825,242.1000000000004,20.81079234972677,91.99180327868852,57.4344262295082,16.463387978142077,0,1
Kota Batu,2024,503.25,72.72,7.272,3659.41,21.770765027322405,25.645355191256836,18.967486338797816,0,294,3251.7,8.884426229508197,256,110,12,83.8,3,0,2,20,10,63,1295.56,3.5397814207650278,1956.14,18.66426229508197,98.10382513661202,68.3224043715847,10.19344262295082,0,2
Pacitan,2025,26774.0,49.49,4.949,132516.0,26.144109589041093,29.374246575342468,23.87616438356164,0,0,2779.2,7.614246575342465,251,114,1,58.9,0,0,1,24,10,37,1359.55,3.724794520547945,1419.65,18.40583561643836,94.36986301369863,71.30410958904109,14.946575342465753,0,1
Ponorogo,2025,74200.0,58.8,5.88,436300.0,26.58849315068493,31.301917808219176,23.255342465753422,1,6,2131.8,5.84054794520548,202,163,0,42.1,0,0,0,19,9,35,1513.62,4.146904109589041,618.1800000000003,18.914684931506848,93.83013698630135,60.33150684931507,15.132328767123283,0,1
Trenggalek,2025,27943.0,56.55,5.654999999999999,158029.0,25.68520547945205,29.75835616438356,23.134794520547945,0,1,2683.2,7.351232876712328,264,101,3,139.3,0,0,1,29,8,36,1287.55,3.5275342465753425,1395.65,17.239013698630135,95.87945205479453,66.97260273972603,11.996164383561643,0,2
Tulungagung,2025,39342.0,61.15,6.115,240566.0,25.977534246575345,30.490684931506845,22.979178082191776,0,6,2354.0,6.449315068493151,256,109,1,120.9,0,0,1,25,9,44,1377.29,3.7733972602739727,976.71,18.213150684931502,97.55616438356164,63.96986301369863,12.215342465753425,0,1
Blitar,2025,35796.0,64.65,6.465000000000001,231437.0,25.124931506849315,29.609041095890408,22.21123287671233,0,11,2828.3,7.748767123287672,273,92,1,69.8,0,0,1,26,10,48,1358.21,3.721123287671233,1470.09,18.261397260273974,96.61369863013698,64.81917808219178,14.103013698630138,0,2
Kediri,2025,34198.0,57.99,5.799,198324.0,25.89506849315069,29.88657534246575,23.443013698630136,0,0,4216.0,11.550684931506847,253,112,14,97.6,2,0,2,25,8,40,1426.41,3.9079726027397257,2789.59,18.627068493150688,93.986301369863,66.24657534246575,14.181369863013702,0,1
Malang,2025,38178.0,64.53,6.453,246370.0,23.86191780821918,28.7641095890411,20.806849315068494,0,57,2798.2,7.666301369863013,255,110,0,44.9,0,0,0,21,11,47,1343.7,3.681369863013699,1454.4999999999998,18.562027397260277,98.25205479452056,63.32054794520548,13.90082191780822,0,2
Lumajang,2025,50052.0,55.92,5.5920000000000005,279902.0,25.495342465753424,30.200821917808216,22.47013698630137,0,5,2639.9,7.232602739726028,296,69,1,61.1,0,0,1,23,14,50,1354.87,3.7119726027397255,1285.0300000000002,18.282630136986302,96.73972602739724,66.04383561643836,11.277260273972605,0,2
Jember,2025,135436.0,50.17,5.017,679514.0,26.30301369863013,30.944657534246577,23.12438356164384,0,5,2000.0,5.47945205479452,222,143,1,52.2,0,0,1,19,7,34,1411.87,3.8681369863013697,588.1300000000001,18.57613698630137,95.2958904109589,61.67671232876712,10.734246575342464,0,1
Banyuwangi,2025,75650.0,59.97,5.997,453636.0,26.47068493150685,29.952876712328766,23.80958904109589,0,0,1474.9,4.04082191780822,247,118,0,43.4,0,0,0,31,8,30,1479.2,4.052602739726027,-4.2999999999999545,19.29183561643836,91.93150684931508,64.4,14.942465753424658,0,1
Bondowoso,2025,56112.0,49.69,4.968999999999999,278822.0,25.174520547945207,29.95123287671233,21.869589041095885,0,19,1271.4,3.483287671232877,181,184,0,42.1,0,0,0,21,6,26,1487.33,4.074876712328767,-215.92999999999984,19.481369863013697,94.2054794520548,58.83287671232877,13.555890410958902,0,1
Situbondo,2025,37251.0,53.47,5.347,199165.0,26.25589041095891,30.43753424657534,22.993972602739728,0,2,2606.3,7.140547945205479,246,119,3,72.6,0,0,1,21,11,26,1564.31,4.285780821917808,1041.9899999999998,20.65684931506849,92.46027397260274,61.76164383561644,13.026301369863017,0,1
Probolinggo,2025,36946.0,53.08,5.308,196116.0,27.34739726027397,31.654246575342466,24.29808219178082,0,0,1891.7,5.182739726027397,212,153,0,44.6,0,0,0,24,13,15,1665.12,4.561972602739726,226.58000000000013,20.17213698630137,90.5013698630137,57.654794520547945,15.111780821917812,0,1
Pasuruan,2025,50784.0,54.01,5.401,274285.0,28.007397260273976,32.53616438356163,24.36082191780822,5,0,1676.4,4.592876712328767,185,180,0,39.1,0,0,0,18,11,21,1681.55,4.606986301369863,-5.149999999999864,20.89630136986301,90.6027397260274,54.44657534246576,13.787397260273972,0,1
Sidoarjo,2025,29004.0,60.57,6.057,175677.0,27.2558904109589,31.39287671232877,24.095068493150688,5,0,2477.5,6.787671232876712,210,155,1,67.2,0,0,1,17,10,28,1590.41,4.357287671232877,887.0900000000001,20.524821917808215,94.47397260273972,58.95616438356164,12.015068493150684,0,0
Mojokerto,2025,51751.0,60.37,6.037,312409.0,26.5509589041096,31.223835616438357,23.3227397260274,6,1,2227.5,6.102739726027397,215,150,2,58.6,0,0,1,16,10,36,1502.19,4.11558904109589,725.31,19.67638356164384,93.56986301369864,61.38904109589041,12.133698630136989,0,1
Jombang,2025,71349.0,61.9,6.19,441642.0,26.42876712328767,31.329863013698635,23.172602739726027,0,3,3086.5,8.456164383561644,242,123,0,47.9,0,0,0,14,7,41,1510.13,4.137342465753425,1576.37,19.57912328767123,95.91780821917808,61.8054794520548,13.964657534246577,0,2
Nganjuk,2025,76989.0,56.53,5.6530000000000005,435224.0,26.802191780821914,31.58082191780822,23.408493150684933,21,3,1964.1,5.381095890410959,198,167,0,39.6,0,0,0,14,9,31,1544.94,4.232712328767123,419.1599999999999,19.238657534246578,93.22739726027396,58.50684931506849,14.356986301369863,0,0
Madiun,2025,82826.0,57.98,5.798,480264.0,26.80767123287671,31.698630136986303,23.49917808219178,20,0,2199.7,6.026575342465753,212,153,1,50.5,0,0,1,20,8,36,1532.89,4.199698630136987,666.8099999999997,18.98180821917808,93.8958904109589,58.26027397260274,14.441095890410958,0,0
Magetan,2025,50411.0,61.14,6.114,308221.0,25.101369863013694,28.863835616438354,22.76164383561644,0,0,4791.9,13.12849315068493,235,130,24,89.6,6,0,2,18,10,35,1492.44,4.088876712328768,3299.46,19.03287671232877,90.83013698630135,64.65753424657534,14.594520547945203,0,0
Ngawi,2025,129013.0,59.88,5.988,772571.0,26.50520547945206,31.26739726027397,23.29534246575342,9,0,2870.4999999999995,7.864383561643835,232,133,2,67.2,0,0,1,20,9,35,1537.0100000000002,4.210986301369863,1333.489999999999,19.34205479452055,94.2958904109589,60.81917808219178,14.61123287671233,0,0
Bojonegoro,2025,160748.0,54.72,5.472,879685.0,26.450410958904108,30.98465753424657,23.40054794520548,0,0,2782.3,7.622739726027397,243,122,0,39.6,0,0,0,20,11,28,1465.7600000000002,4.015780821917809,1316.54,19.27183561643836,95.04109589041096,63.95616438356164,13.334246575342464,0,2
Tuban,2025,96992.0,59.59,5.9590000000000005,577964.0,26.690958904109596,30.618356164383563,23.825479452054797,0,0,2548.9,6.983287671232877,272,93,0,40.8,0,0,0,27,12,28,1519.27,4.162383561643836,1029.63,19.85030136986301,93.76438356164384,64.02739726027397,14.33808219178082,0,1
Lamongan,2025,152564.0,57.68,5.768,879994.0,27.02054794520548,31.843561643835617,23.67835616438356,11,2,3033.4,8.310684931506849,244,121,0,41.3,0,0,0,19,12,39,1486.13,4.071589041095891,1547.27,19.14435616438356,95.62739726027397,60.12876712328767,12.712054794520547,0,1
Gresik,2025,62003.0,60.58,6.058,375591.0,27.543287671232875,32.12109589041096,24.22876712328767,13,0,2037.7,5.5827397260273965,223,142,0,40.3,0,0,0,19,11,28,1565.28,4.288438356164384,472.4199999999999,19.529890410958902,93.8054794520548,55.40547945205479,13.710684931506847,0,0
Bangkalan,2025,46903.0,47.71,4.771,223789.0,26.667123287671235,30.104657534246577,24.053424657534247,0,0,2470.7,6.769041095890411,261,104,0,44.4,0,0,0,30,13,23,1515.0500000000002,4.150821917808219,955.6499999999996,19.987534246575343,94.25479452054796,65.95342465753424,15.36164383561644,0,1
Sampang,2025,42337.0,44.86,4.486,189903.0,27.716164383561644,31.18082191780822,25.1572602739726,3,0,2414.7000000000003,6.615616438356165,208,157,0,49.0,0,0,0,22,9,30,1626.34,4.455726027397261,788.3600000000001,19.852109589041092,90.68493150684932,61.68767123287671,15.599178082191782,0,0
Pamekasan,2025,24130.0,54.44,5.444,131369.0,26.919452054794515,30.479178082191783,24.209041095890413,0,0,2375.3,6.507671232876713,216,149,0,41.4,0,0,0,18,8,33,1529.4699999999998,4.190328767123287,845.8300000000004,19.732602739726023,93.02191780821916,63.772602739726025,14.637808219178083,0,2
Sumenep,2025,35770.0,52.96,5.296,189423.0,26.938630136986298,30.656712328767124,24.0454794520548,1,0,2856.9000000000005,7.827123287671235,244,121,2,54.4,0,0,1,22,11,30,1583.77,4.339095890410959,1273.1300000000006,20.31594520547945,94.37534246575342,63.84931506849315,14.633424657534244,0,1
Kota Kediri,2025,628.0,59.02,5.902,3709.0,26.31835616438356,30.832876712328765,23.538630136986303,0,0,2084.5,5.710958904109589,229,136,1,55.3,0,0,1,26,8,37,1506.0100000000002,4.126054794520549,578.4899999999998,18.874602739726026,93.95890410958904,61.88219178082192,16.99041095890411,0,1
Kota Blitar,2025,837.0,72.5,7.25,6068.0,25.124931506849315,29.609041095890408,22.21123287671233,0,11,2828.3,7.748767123287672,273,92,1,69.8,0,0,1,26,10,48,1358.21,3.721123287671233,1470.09,18.261397260273974,96.61369863013698,64.81917808219178,14.103013698630138,0,2
Kota Malang,2025,1301.0,63.35,6.335,8243.0,23.98712328767123,28.62054794520548,21.173424657534248,0,29,3457.7,9.473150684931506,232,133,8,74.5,0,0,1,18,10,41,1348.33,3.694054794520548,2109.37,18.46558904109589,97.2054794520548,62.276712328767125,8.757534246575343,0,1
Kota Probolinggo,2025,1597.0,63.2,6.32,10092.0,27.34739726027397,31.654246575342466,24.29808219178082,0,0,1891.7,5.182739726027397,212,153,0,44.6,0,0,0,24,13,15,1665.12,4.561972602739726,226.58000000000013,20.17213698630137,90.5013698630137,57.654794520547945,15.111780821917812,0,2
Kota Pasuruan,2025,1355.0,55.12,5.512,7468.0,28.007397260273976,32.53616438356163,24.36082191780822,5,0,1676.4,4.592876712328767,185,180,0,39.1,0,0,0,18,11,21,1681.55,4.606986301369863,-5.149999999999864,20.89630136986301,90.6027397260274,54.44657534246576,13.787397260273972,0,1
Kota Mojokerto,2025,524.0,58.93,5.893,3086.0,27.32493150684932,32.21123287671234,23.982739726027397,17,0,2315.7,6.344383561643835,205,160,1,54.8,0,0,1,17,10,38,1565.13,4.288027397260274,750.5699999999997,19.89495890410959,94.30684931506848,57.86027397260274,13.323835616438355,0,1
Kota Madiun,2025,2084.0,57.06,5.706,11889.0,26.80767123287671,31.698630136986303,23.49917808219178,20,0,2199.7,6.026575342465753,212,153,1,50.5,0,0,1,20,8,36,1532.89,4.199698630136987,666.8099999999997,18.98180821917808,93.8958904109589,58.26027397260274,14.441095890410958,0,1
Kota Surabaya,2025,1054.0,57.64,5.764,6075.0,27.851506849315065,31.19671232876712,25.03150684931507,3,0,2220.4,6.083287671232876,221,144,0,48.7,0,0,0,18,9,42,1613.07,4.419369863013698,607.3299999999997,20.159561643835616,90.89315068493153,59.50958904109589,12.730684931506849,0,2
Kota Batu,2025,513.0,58.99,5.899,3025.0,21.58794520547945,25.893972602739723,18.913424657534247,0,346,3903.2,10.693698630136986,269,96,7,70.7,1,0,2,26,10,42,1264.53,3.464465753424657,2638.67,18.04232876712329,97.92054794520548,65.37808219178082,9.35068493150685,0,0
