kabupaten,tahun,luas_panen_ha,produktivitas_ku_ha,produktivitas_ton_ha,produksi_ton
Pacitan,2018,19311.99,46.44,4.644,89684.44
Ponorogo,2018,63443.600000000006,59.46,5.946,377263.18
Trenggalek,2018,22732.510000000002,53.04,5.304,120574.63
Tulungagung,2018,34919.88,62.11,6.211,216884.62000000002
Blitar,2018,37101.96,60.42,6.042,224178.63
Kediri,2018,37008.78,59.4,5.9399999999999995,219834.83000000002
Malang,2018,50374.07,57.18,5.718,288019.9
Lumajang,2018,56617.2,54.88,5.488,310736.82
Jember,2018,125135.86,55.04,5.504,688809.35
Banyuwangi,2018,84360.77,60.99,6.099,514528.77999999997
Bondowoso,2018,49799.079999999994,50.97,5.0969999999999995,253835.28
Situbondo,2018,31622.51,55.52,5.5520000000000005,175555.17
Probolinggo,2018,38415.47,45.96,4.596,176575.62
Pasuruan,2018,52562.399999999994,57.54,5.754,302466.49000000005
Sidoarjo,2018,37276.74,66.58,6.6579999999999995,248200.91999999998
Mojokerto,2018,52445.83,60.61,6.061,317873.85
Jombang,2018,63300.840000000004,62.21,6.221,393773.29
Nganjuk,2018,65539.42000000001,60.33,6.0329999999999995,395385.12
Madiun,2018,69132.72,58.58,5.858,404953.10000000003
Magetan,2018,45514.310000000005,63.6,6.36,289458.37
Ngawi,2018,121760.76000000001,61.33,6.133,746762.6
Bojonegoro,2018,134770.37999999998,55.84,5.5840000000000005,752513.4
Tuban,2018,95854.59,58.86,5.886,564241.12
Lamongan,2018,144781.98,61.93,6.193,896652.91
Gresik,2018,57721.64,60.93,6.093,351702.38999999996
Bangkalan,2018,40957.479999999996,59.5,5.95,243711.72999999998
Sampang,2018,37723.93,50.11,5.011,189040.08
Pamekasan,2018,21977.78,51.95,5.195,114179.46
Sumenep,2018,46193.41,55.91,5.590999999999999,258284.99
Kota Kediri,2018,1581.85,64.52,6.452,10205.56
Kota Blitar,2018,759.75,64.12,6.412000000000001,4871.29
Kota Malang,2018,1857.02,63.81,6.381,11850.09
Kota Probolinggo,2018,1165.41,49.31,4.931,5747.01
Kota Pasuruan,2018,1819.04,65.13,6.513,11846.57
Kota Mojokerto,2018,730.3199999999999,57.26,5.726,4182.15
Kota Madiun,2018,1362.01,62.3,6.2299999999999995,8485.369999999999
Kota Surabaya,2018,2687.21,53.86,5.386,14474.529999999999
Kota Batu,2018,871.17,67.38,6.7379999999999995,5869.53
Pacitan,2019,20504.49,44.84,4.484,91941.66
Ponorogo,2019,58080.19,55.48,5.548,322205.5
Trenggalek,2019,20474.89,54.81,5.481,112213.57
Tulungagung,2019,34584.26,56.8,5.68,196430.58
Blitar,2019,36193.939999999995,61.9,6.1899999999999995,224027.19
Kediri,2019,39448.75,56.49,5.649,222837.82
Malang,2019,48397.75,58.08,5.808,281072.26
Lumajang,2019,53466.4,53.1,5.3100000000000005,283894.22000000003
Jember,2019,123591.19,49.91,4.991,616858.41
Banyuwangi,2019,81552.76999999999,54.6,5.46,445253.86
Bondowoso,2019,53458.86,47.02,4.702,251371.94
Situbondo,2019,30225.88,55.47,5.547,167665.53999999998
Probolinggo,2019,39464.38,49.1,4.91,193774.5
Pasuruan,2019,53788.66,50.1,5.01,269463.05
Sidoarjo,2019,34287.25,68.48,6.848000000000001,234788.11
Mojokerto,2019,54993.369999999995,61.78,6.178,339755.88
Jombang,2019,56138.02,61.32,6.132,344236.33999999997
Nganjuk,2019,65066.04,61.45,6.1450000000000005,399845.68
Madiun,2019,68014.65000000001,61.65,6.165,419292.44
Magetan,2019,42231.51,61.72,6.172,260671.35
Ngawi,2019,122500.97,63.44,6.343999999999999,777190.3600000001
Bojonegoro,2019,128863.83,53.71,5.371,692073.16
Tuban,2019,91199.72,57.01,5.701,519934.36
Lamongan,2019,140463.58000000002,59.78,5.978,839724.4299999999
Gresik,2019,61643.05,59.65,5.965,367717.66000000003
Bangkalan,2019,39854.38,50.59,5.059,201620.0
Sampang,2019,33052.04,47.27,4.727,156219.52
Pamekasan,2019,20169.170000000002,45.27,4.527,91313.32
Sumenep,2019,38411.969999999994,48.45,4.845000000000001,186090.84
Kota Kediri,2019,1396.04,50.38,5.038,7032.99
Kota Blitar,2019,911.72,66.74,6.6739999999999995,6084.58
Kota Malang,2019,2019.4800000000002,68.88,6.888,13909.7
Kota Probolinggo,2019,1402.28,51.1,5.11,7165.2
Kota Pasuruan,2019,2055.26,52.57,5.257,10804.71
Kota Mojokerto,2019,700.9300000000001,50.87,5.087,3565.88
Kota Madiun,2019,1302.2800000000002,63.42,6.3420000000000005,8259.39
Kota Surabaya,2019,1724.45,55.65,5.5649999999999995,9596.78
Kota Batu,2019,791.96,63.53,6.353,5031.1
Pacitan,2020,19292.31,43.51,4.351,83940.9
Ponorogo,2020,65073.25,57.99,5.799,377333.19999999995
Trenggalek,2020,19630.82,55.24,5.524,108445.62000000001
Tulungagung,2020,36689.03,58.44,5.843999999999999,214398.13
Blitar,2020,34794.97,56.57,5.657,196847.53
Kediri,2020,36363.619999999995,59.38,5.938000000000001,215913.41
Malang,2020,46121.03,59.49,5.949,274389.82
Lumajang,2020,53781.48,54.05,5.404999999999999,290688.21
Jember,2020,121605.87,48.54,4.854,590263.37
Banyuwangi,2020,83992.78,56.06,5.606,470832.63
Bondowoso,2020,54209.659999999996,48.15,4.8149999999999995,261018.48
Situbondo,2020,30529.3,52.39,5.239,159928.19
Probolinggo,2020,36925.53,52.16,5.215999999999999,192600.06000000003
Pasuruan,2020,53127.08,51.37,5.137,272936.26999999996
Sidoarjo,2020,34321.14,60.93,6.093,209109.93
Mojokerto,2020,54504.65,57.37,5.737,312686.37
Jombang,2020,55793.12,61.51,6.151,343163.9
Nganjuk,2020,71155.01000000001,61.4,6.14,436884.05
Madiun,2020,73000.03,61.1,6.11,446052.38
Magetan,2020,46821.62,66.01,6.601000000000001,309053.07
Ngawi,2020,125908.27,66.54,6.654000000000001,837773.15
Bojonegoro,2020,135635.02,53.74,5.3740000000000006,728915.12
Tuban,2020,92341.72,54.91,5.491,507053.88
Lamongan,2020,148030.9,59.86,5.986,886060.99
Gresik,2020,67010.8,60.84,6.0840000000000005,407716.63
Bangkalan,2020,44047.57,47.06,4.706,207294.89
Sampang,2020,37792.369999999995,50.73,5.0729999999999995,191735.47
Pamekasan,2020,20170.12,50.48,5.048,101827.44
Sumenep,2020,42754.1,53.56,5.356,228980.21
Kota Kediri,2020,1686.21,60.99,6.099,10283.810000000001
Kota Blitar,2020,771.27,68.38,6.837999999999999,5274.24
Kota Malang,2020,1738.53,67.43,6.743,11723.75
Kota Probolinggo,2020,1449.75,52.03,5.203,7543.1900000000005
Kota Pasuruan,2020,1648.6799999999998,61.35,6.135,10115.21
Kota Mojokerto,2020,733.26,60.85,6.085,4461.78
Kota Madiun,2020,2313.6800000000003,65.55,6.555,15166.53
Kota Surabaya,2020,1865.6399999999999,59.7,5.970000000000001,11138.05
Kota Batu,2020,750.11,66.5,6.65,4988.400000000001
Pacitan,2021,18894.010000000002,46.64,4.664,88116.56999999999
Ponorogo,2021,68741.09,58.87,5.887,404665.04
Trenggalek,2021,22491.95,51.78,5.178,116456.34
Tulungagung,2021,39850.76,59.7,5.970000000000001,237916.96
Blitar,2021,38640.6,64.02,6.401999999999999,247366.27
Kediri,2021,35113.22,56.45,5.6450000000000005,198222.01
Malang,2021,45344.49,60.28,6.0280000000000005,273358.61
Lumajang,2021,56671.259999999995,52.07,5.207,295075.51999999996
Jember,2021,124027.77,49.64,4.964,615697.87
Banyuwangi,2021,89125.20000000001,57.61,5.761,513490.06999999995
Bondowoso,2021,51620.95,50.16,5.016,258951.46
Situbondo,2021,30388.14,49.74,4.974,151157.12
Probolinggo,2021,37043.19,51.34,5.134,190180.13999999998
Pasuruan,2021,50305.509999999995,52.67,5.267,264950.78
Sidoarjo,2021,32586.190000000002,62.14,6.214,202501.4
Mojokerto,2021,51258.22,57.95,5.795,297042.32
Jombang,2021,54968.44,59.46,5.946,326826.64
Nganjuk,2021,72439.86,59.26,5.926,429311.01
Madiun,2021,75713.29,60.99,6.099,461798.12
Magetan,2021,48487.59,63.37,6.337,307279.68
Ngawi,2021,128737.95000000001,61.09,6.109,786475.65
Bojonegoro,2021,134609.22,50.07,5.007,674002.0
Tuban,2021,88049.64,55.58,5.558,489418.62
Lamongan,2021,138450.43000000002,57.25,5.725,792662.0900000001
Gresik,2021,61394.39,61.84,6.184,379666.18999999994
Bangkalan,2021,42110.04,46.38,4.638,195323.28999999998
Sampang,2021,38151.91,51.27,5.127000000000001,195600.68999999997
Pamekasan,2021,18925.74,51.11,5.111,96723.97
Sumenep,2021,40298.59,55.08,5.508,221979.41
Kota Kediri,2021,1735.3,54.95,5.495,9534.86
Kota Blitar,2021,884.95,65.46,6.545999999999999,5793.3
Kota Malang,2021,1791.43,63.14,6.314,11311.400000000001
Kota Probolinggo,2021,1530.83,58.3,5.83,8924.08
Kota Pasuruan,2021,1553.82,53.45,5.345000000000001,8304.59
Kota Mojokerto,2021,754.27,58.53,5.853,4414.93
Kota Madiun,2021,2229.4900000000002,60.58,6.058,13505.81
Kota Surabaya,2021,1736.0800000000002,56.64,5.664,9832.67
Kota Batu,2021,825.39,69.67,6.9670000000000005,5750.19
Pacitan,2022,17831.47,50.71,5.071,90428.21
Ponorogo,2022,62964.37,57.08,5.708,359413.77
Trenggalek,2022,22026.969999999998,52.55,5.255,115758.01
Tulungagung,2022,39531.25,52.42,5.242,207217.26
Blitar,2022,34137.74,63.12,6.311999999999999,215482.79
Kediri,2022,29379.86,57.47,5.747,168853.55000000002
Malang,2022,45901.91,59.17,5.917,271606.78
Lumajang,2022,55042.5,54.65,5.465,300829.01
Jember,2022,118489.25,51.26,5.1259999999999994,607371.19
Banyuwangi,2022,76748.03,60.22,6.022,462205.98000000004
Bondowoso,2022,48240.7,49.48,4.9479999999999995,238677.65
Situbondo,2022,26784.22,52.88,5.288,141628.0
Probolinggo,2022,33503.12,55.34,5.534000000000001,185412.51
Pasuruan,2022,47384.82,52.18,5.218,247255.72
Sidoarjo,2022,31368.739999999998,62.02,6.202,194540.44999999998
Mojokerto,2022,49395.45,57.06,5.706,281829.41
Jombang,2022,54896.68,61.42,6.142,337172.14
Nganjuk,2022,70331.77,53.53,5.353,376476.43
Madiun,2022,73061.53,54.96,5.496,401573.69
Magetan,2022,43965.490000000005,60.66,6.066,266699.88999999996
Ngawi,2022,128585.79000000001,58.79,5.879,755938.95
Bojonegoro,2022,133665.5,52.69,5.269,704288.9400000001
Tuban,2022,85288.02,58.5,5.85,498938.58999999997
Lamongan,2022,150903.4,59.9,5.99,903882.29
Gresik,2022,63287.2,64.98,6.498,411242.2
Bangkalan,2022,40717.81,48.66,4.866,198122.71000000002
Sampang,2022,34880.84,49.45,4.945,172494.38
Pamekasan,2022,20497.420000000002,52.52,5.252000000000001,107648.70999999999
Sumenep,2022,41835.41,55.12,5.512,230581.31
Kota Kediri,2022,1864.13,54.7,5.470000000000001,10197.5
Kota Blitar,2022,728.19,71.58,7.1579999999999995,5212.13
Kota Malang,2022,1718.1100000000001,62.69,6.269,10771.15
Kota Probolinggo,2022,1323.99,61.21,6.121,8103.92
Kota Pasuruan,2022,1393.98,52.32,5.232,7293.69
Kota Mojokerto,2022,833.0300000000001,60.42,6.042,5032.96
Kota Madiun,2022,2194.5800000000004,52.19,5.218999999999999,11453.92
Kota Surabaya,2022,1447.98,56.06,5.606,8117.3099999999995
Kota Batu,2022,1059.45,63.83,6.383,6762.570000000001
Pacitan,2023,17923.4,51.88,5.188000000000001,92992.64
Ponorogo,2023,66594.55,59.01,5.901,392994.08
Trenggalek,2023,22049.36,52.1,5.21,114874.53
Tulungagung,2023,40238.66,58.53,5.853,235502.11
Blitar,2023,36340.17,66.1,6.609999999999999,240224.41
Kediri,2023,31268.329999999998,58.7,5.87,183533.76
Malang,2023,43918.590000000004,63.61,6.361,279365.91
Lumajang,2023,55128.79,55.99,5.599,308646.07999999996
Jember,2023,120187.87000000001,51.31,5.131,616725.77
Banyuwangi,2023,75062.48,60.59,6.059,454768.46
Bondowoso,2023,50364.98,49.2,4.92,247778.74
Situbondo,2023,27917.32,56.34,5.634,157273.25
Probolinggo,2023,35121.69,57.24,5.724,201044.34
Pasuruan,2023,48999.14,53.07,5.307,260061.94
Sidoarjo,2023,31030.460000000003,63.12,6.311999999999999,195855.34999999998
Mojokerto,2023,53462.15,56.66,5.6659999999999995,302890.75
Jombang,2023,56762.71,61.11,6.111,346873.45
Nganjuk,2023,72039.49,58.04,5.804,418096.11
Madiun,2023,74784.95,58.51,5.851,437593.07999999996
Magetan,2023,44424.0,63.16,6.316,280592.08999999997
Ngawi,2023,124922.92,61.74,6.174,771251.37
Bojonegoro,2023,132712.02,53.2,5.32,705962.63
Tuban,2023,84115.62999999999,59.65,5.965,501741.12
Lamongan,2023,139704.81,57.17,5.7170000000000005,798704.85
Gresik,2023,66202.61,63.05,6.305,417428.58
Bangkalan,2023,38011.82,49.0,4.9,186257.96
Sampang,2023,34795.54,48.05,4.805,167191.35
Pamekasan,2023,19884.36,54.56,5.456,108483.14
Sumenep,2023,42432.969999999994,51.33,5.133,217810.48
Kota Kediri,2023,1519.69,54.43,5.443,8271.57
Kota Blitar,2023,786.5699999999999,71.66,7.1659999999999995,5636.68
Kota Malang,2023,1632.88,63.19,6.319,10318.57
Kota Probolinggo,2023,1309.4399999999998,57.29,5.729,7502.06
Kota Pasuruan,2023,1374.7,58.34,5.8340000000000005,8020.030000000001
Kota Mojokerto,2023,620.48,53.07,5.307,3292.78
Kota Madiun,2023,2204.48,55.2,5.5200000000000005,12169.62
Kota Surabaya,2023,1506.01,53.58,5.358,8068.88
Kota Batu,2023,727.29,66.86,6.686,4862.8099999999995
Pacitan,2024,14602.85,47.7,4.7700000000000005,69650.98000000001
Ponorogo,2024,63395.6,59.82,5.982,379244.91000000003
Trenggalek,2024,18239.460000000003,57.49,5.7490000000000006,104859.35
Tulungagung,2024,34167.990000000005,62.87,6.287,214820.77000000002
Blitar,2024,30789.760000000002,55.59,5.559,171154.02
Kediri,2024,30496.57,57.08,5.708,174072.2
Malang,2024,41019.97,62.11,6.211,254793.72
Lumajang,2024,47553.88,54.07,5.407,257120.65000000002
Jember,2024,120069.41,51.91,5.191,623264.88
Banyuwangi,2024,67240.56,58.84,5.884,395631.38
Bondowoso,2024,50609.62,51.27,5.127000000000001,259477.68000000002
Situbondo,2024,29935.079999999998,54.2,5.42,162236.82
Probolinggo,2024,33177.950000000004,53.53,5.353,177607.38
Pasuruan,2024,51087.0,54.29,5.429,277354.51
Sidoarjo,2024,32100.11,65.1,6.51,208986.7
Mojokerto,2024,47296.06,60.41,6.0409999999999995,285714.44
Jombang,2024,55369.46,61.82,6.182,342291.32
Nganjuk,2024,69685.56999999999,58.11,5.811,404975.09
Madiun,2024,73419.94,59.58,5.958,437458.25
Magetan,2024,43404.62,62.72,6.272,272246.05000000005
Ngawi,2024,123075.68000000001,62.21,6.221,765703.53
Bojonegoro,2024,131220.56,54.15,5.415,710527.18
Tuban,2024,84211.69,62.11,6.211,523067.49000000005
Lamongan,2024,130670.42000000001,59.41,5.941,776290.66
Gresik,2024,54057.450000000004,60.85,6.085,328959.52999999997
Bangkalan,2024,39554.549999999996,47.82,4.782,189161.9
Sampang,2024,33068.93,44.13,4.413,145931.75
Pamekasan,2024,19637.62,51.69,5.169,101501.42
Sumenep,2024,36761.47,51.55,5.154999999999999,189499.68999999997
Kota Kediri,2024,1328.1499999999999,63.19,6.319,8392.91
Kota Blitar,2024,574.04,64.84,6.484,3722.17
Kota Malang,2024,1610.91,65.16,6.516,10496.650000000001
Kota Probolinggo,2024,1391.07,61.06,6.106,8494.14
Kota Pasuruan,2024,1574.8899999999999,55.02,5.502000000000001,8665.29
Kota Mojokerto,2024,571.1,60.4,6.04,3449.63
Kota Madiun,2024,2190.08,57.58,5.758,12610.42
Kota Surabaya,2024,1321.75,55.54,5.554,7340.42
Kota Batu,2024,503.25,72.72,7.272,3659.41
Pacitan,2025,26774.0,49.49,4.949,132516.0
Ponorogo,2025,74200.0,58.8,5.88,436300.0
Trenggalek,2025,27943.0,56.55,5.654999999999999,158029.0
Tulungagung,2025,39342.0,61.15,6.115,240566.0
Blitar,2025,35796.0,64.65,6.465000000000001,231437.0
Kediri,2025,34198.0,57.99,5.799,198324.0
Malang,2025,38178.0,64.53,6.453,246370.0
Lumajang,2025,50052.0,55.92,5.5920000000000005,279902.0
Jember,2025,135436.0,50.17,5.017,679514.0
Banyuwangi,2025,75650.0,59.97,5.997,453636.0
Bondowoso,2025,56112.0,49.69,4.968999999999999,278822.0
Situbondo,2025,37251.0,53.47,5.3469999999999995,199165.0
Probolinggo,2025,36946.0,53.08,5.308,196116.0
Pasuruan,2025,50784.0,54.01,5.401,274285.0
Sidoarjo,2025,29004.0,60.57,6.057,175677.0
Mojokerto,2025,51751.0,60.37,6.037,312409.0
Jombang,2025,71349.0,61.9,6.1899999999999995,441642.0
Nganjuk,2025,76989.0,56.53,5.6530000000000005,435224.0
Madiun,2025,82826.0,57.98,5.798,480264.0
Magetan,2025,50411.0,61.14,6.114,308221.0
Ngawi,2025,129013.0,59.88,5.988,772571.0
Bojonegoro,2025,160748.0,54.72,5.4719999999999995,879685.0
Tuban,2025,96992.0,59.59,5.9590000000000005,577964.0
Lamongan,2025,152564.0,57.68,5.768,879994.0
Gresik,2025,62003.0,60.58,6.058,375591.0
Bangkalan,2025,46903.0,47.71,4.771,223789.0
Sampang,2025,42337.0,44.86,4.486,189903.0
Pamekasan,2025,24130.0,54.44,5.444,131369.0
Sumenep,2025,35770.0,52.96,5.296,189423.0
Kota Kediri,2025,628.0,59.02,5.902,3709.0
Kota Blitar,2025,837.0,72.5,7.25,6068.0
Kota Malang,2025,1301.0,63.35,6.335,8243.0
Kota Probolinggo,2025,1597.0,63.2,6.32,10092.0
Kota Pasuruan,2025,1355.0,55.12,5.512,7468.0
Kota Mojokerto,2025,524.0,58.93,5.893,3086.0
Kota Madiun,2025,2084.0,57.06,5.706,11889.0
Kota Surabaya,2025,1054.0,57.64,5.764,6075.0
Kota Batu,2025,513.0,58.99,5.899,3025.0
